id,pedido_id,transportadora_id,data_envio,data_entrega
1,745,8,2025-04-30,2025-01-07
2,3896,67,2025-01-10,2025-02-24
3,1006,152,2025-01-15,2025-03-11
4,1463,10,2025-01-09,2025-02-19
5,3672,96,2025-02-07,2025-06-03
6,441,17,2025-03-02,2025-06-02
7,3130,164,2025-05-08,2025-04-10
8,1535,54,2025-04-17,2025-02-12
9,4563,129,2025-03-23,2025-01-04
10,3954,163,2025-01-20,2025-01-30
11,4570,124,2025-02-03,2025-06-03
12,2611,108,2025-04-11,2025-02-23
13,825,106,2025-02-19,2025-01-28
14,3257,175,2025-03-05,2025-03-02
15,4668,13,2025-05-04,2025-02-27
16,2647,199,2025-01-06,2025-01-04
17,2630,82,2025-01-30,2025-04-24
18,4421,106,2025-04-05,2025-02-21
19,1438,149,2025-01-30,2025-03-19
20,2331,78,2025-05-26,2025-03-22
21,70,158,2025-05-07,2025-01-15
22,4006,177,2025-01-14,2025-02-22
23,2513,83,2025-03-28,2025-05-12
24,1370,87,2025-05-10,2025-04-06
25,147,46,2025-01-01,2025-01-30
26,488,6,2025-01-01,2025-01-06
27,270,105,2025-02-24,2025-03-14
28,1126,13,2025-04-17,2025-06-04
29,3661,5,2025-04-19,2025-03-02
30,3719,14,2025-02-17,2025-01-24
31,1091,106,2025-03-28,2025-04-11
32,1929,35,2025-02-28,2025-03-02
33,4261,193,2025-02-11,2025-04-28
34,3074,112,2025-02-20,2025-05-27
35,2604,120,2025-01-28,2025-03-11
36,4038,45,2025-02-27,2025-01-25
37,2224,14,2025-06-03,2025-03-04
38,4263,136,2025-01-07,2025-01-31
39,550,49,2025-04-14,2025-04-14
40,3231,45,2025-03-02,2025-03-16
41,2005,51,2025-03-04,2025-05-18
42,1111,85,2025-04-11,2025-01-31
43,2763,107,2025-01-30,2025-02-11
44,3407,182,2025-04-24,2025-01-22
45,3144,35,2025-05-28,2025-04-12
46,3378,177,2025-01-25,2025-05-02
47,144,35,2025-04-17,2025-05-21
48,1030,183,2025-02-27,2025-03-27
49,1244,31,2025-01-22,2025-03-21
50,2017,166,2025-01-15,2025-06-04
51,4553,196,2025-05-17,2025-03-12
52,926,179,2025-03-22,2025-02-17
53,4738,173,2025-05-18,2025-04-04
54,2065,168,2025-04-21,2025-05-13
55,1835,197,2025-01-08,2025-03-06
56,347,37,2025-05-04,2025-05-14
57,3441,23,2025-02-22,2025-03-26
58,3495,144,2025-04-28,2025-05-09
59,829,88,2025-03-24,2025-01-06
60,3155,91,2025-01-29,2025-04-25
61,2210,181,2025-03-09,2025-03-18
62,963,131,2025-03-14,2025-02-23
63,3068,182,2025-02-05,2025-02-28
64,2079,135,2025-01-10,2025-04-11
65,2177,188,2025-04-04,2025-04-07
66,4105,186,2025-03-20,2025-04-04
67,1279,10,2025-04-02,2025-05-14
68,3654,117,2025-03-14,2025-03-12
69,3695,150,2025-01-11,2025-05-11
70,16,92,2025-02-26,2025-05-27
71,3488,103,2025-03-28,2025-01-16
72,2852,177,2025-01-21,2025-03-20
73,1799,177,2025-03-01,2025-03-11
74,143,11,2025-03-27,2025-01-23
75,1838,124,2025-03-19,2025-03-24
76,1131,188,2025-01-10,2025-02-12
77,3196,77,2025-02-17,2025-02-16
78,4629,63,2025-03-13,2025-05-10
79,479,131,2025-02-01,2025-05-04
80,1350,139,2025-03-09,2025-04-25
81,3332,52,2025-04-25,2025-05-29
82,727,167,2025-01-04,2025-04-28
83,4128,81,2025-01-28,2025-01-23
84,3471,110,2025-04-07,2025-03-27
85,2822,115,2025-05-14,2025-01-21
86,2554,82,2025-01-23,2025-04-17
87,4960,24,2025-01-31,2025-01-31
88,705,126,2025-02-15,2025-05-26
89,4284,27,2025-04-08,2025-03-23
90,2876,17,2025-02-03,2025-03-06
91,4239,162,2025-05-10,2025-04-12
92,2229,159,2025-03-30,2025-04-15
93,1558,190,2025-04-01,2025-03-09
94,3914,104,2025-01-27,2025-01-07
95,1549,22,2025-03-23,2025-05-03
96,2900,48,2025-04-04,2025-03-27
97,4532,31,2025-01-10,2025-02-02
98,334,180,2025-03-22,2025-04-08
99,4117,186,2025-03-07,2025-01-06
100,4628,23,2025-02-12,2025-02-20
101,3041,13,2025-05-11,2025-05-01
102,2517,48,2025-06-02,2025-02-20
103,22,113,2025-04-20,2025-05-10
104,544,27,2025-02-14,2025-02-21
105,286,54,2025-01-18,2025-05-01
106,260,190,2025-02-22,2025-05-11
107,3404,12,2025-02-01,2025-04-11
108,1419,154,2025-02-19,2025-02-14
109,2867,6,2025-03-13,2025-05-01
110,784,163,2025-01-31,2025-01-01
111,3656,12,2025-02-09,2025-04-05
112,1302,143,2025-05-21,2025-01-13
113,178,186,2025-03-01,2025-04-04
114,3877,94,2025-03-26,2025-04-29
115,2671,136,2025-02-12,2025-03-03
116,2937,146,2025-05-14,2025-05-11
117,10,198,2025-04-24,2025-03-06
118,2606,117,2025-05-22,2025-02-22
119,2642,82,2025-01-11,2025-05-29
120,1043,143,2025-04-29,2025-03-08
121,465,51,2025-03-24,2025-02-06
122,722,162,2025-05-13,2025-05-22
123,619,165,2025-01-28,2025-03-11
124,2360,20,2025-02-22,2025-02-27
125,2002,111,2025-05-20,2025-01-16
126,2775,181,2025-05-06,2025-01-04
127,1790,66,2025-04-07,2025-04-07
128,4852,118,2025-04-05,2025-02-03
129,1648,43,2025-05-01,2025-05-01
130,3563,174,2025-02-04,2025-03-13
131,4215,164,2025-04-15,2025-01-23
132,1550,179,2025-05-31,2025-02-11
133,531,44,2025-05-21,2025-02-23
134,415,172,2025-01-26,2025-05-29
135,1273,78,2025-04-05,2025-03-14
136,1984,178,2025-01-16,2025-05-11
137,622,194,2025-05-14,2025-03-02
138,1187,65,2025-05-03,2025-05-15
139,4236,123,2025-01-05,2025-01-12
140,4780,86,2025-01-09,2025-05-29
141,4479,165,2025-02-16,2025-03-19
142,2230,96,2025-03-31,2025-05-28
143,3651,148,2025-05-05,2025-04-03
144,2837,81,2025-02-17,2025-01-07
145,3431,26,2025-03-05,2025-02-20
146,4391,172,2025-05-28,2025-03-29
147,811,96,2025-03-02,2025-02-16
148,2160,71,2025-04-13,2025-02-04
149,961,105,2025-03-11,2025-05-20
150,294,2,2025-01-26,2025-02-14
151,3395,93,2025-04-02,2025-05-08
152,563,158,2025-03-31,2025-05-25
153,1354,14,2025-02-27,2025-04-20
154,2373,24,2025-01-03,2025-04-16
155,2644,27,2025-01-11,2025-03-16
156,1237,193,2025-01-04,2025-02-05
157,1433,183,2025-02-11,2025-05-22
158,398,26,2025-01-31,2025-05-04
159,2284,151,2025-04-26,2025-05-14
160,2244,124,2025-03-11,2025-05-02
161,502,101,2025-02-13,2025-01-11
162,1747,59,2025-02-27,2025-02-01
163,4031,22,2025-04-29,2025-04-28
164,557,146,2025-01-22,2025-01-18
165,4740,175,2025-05-13,2025-02-08
166,1730,51,2025-04-11,2025-05-13
167,2943,61,2025-02-16,2025-05-17
168,3471,187,2025-03-06,2025-05-25
169,957,124,2025-05-30,2025-04-07
170,1263,77,2025-03-04,2025-03-14
171,3472,85,2025-01-16,2025-04-10
172,716,4,2025-02-05,2025-05-04
173,3347,74,2025-05-10,2025-06-03
174,815,35,2025-06-04,2025-03-13
175,3780,29,2025-05-13,2025-04-20
176,1029,133,2025-01-16,2025-02-12
177,959,174,2025-03-05,2025-01-27
178,1341,12,2025-01-07,2025-03-19
179,1029,134,2025-04-19,2025-05-12
180,2291,74,2025-06-01,2025-01-06
181,1837,135,2025-01-25,2025-01-16
182,2170,189,2025-02-06,2025-04-24
183,2702,93,2025-01-24,2025-05-16
184,3077,72,2025-02-01,2025-01-27
185,603,150,2025-02-11,2025-03-10
186,1228,168,2025-05-23,2025-01-17
187,1265,19,2025-01-26,2025-01-08
188,4034,71,2025-05-24,2025-02-22
189,3175,84,2025-02-16,2025-02-22
190,3765,24,2025-02-13,2025-04-04
191,3580,24,2025-03-11,2025-05-13
192,217,24,2025-03-22,2025-02-19
193,3389,56,2025-04-04,2025-01-24
194,1796,57,2025-04-05,2025-05-22
195,4067,121,2025-03-22,2025-01-31
196,740,117,2025-03-16,2025-04-30
197,2123,171,2025-02-10,2025-05-23
198,3383,141,2025-01-02,2025-02-22
199,3092,105,2025-04-29,2025-03-11
200,1795,154,2025-02-01,2025-06-03
201,1216,160,2025-03-24,2025-01-16
202,4781,72,2025-06-03,2025-04-20
203,1979,49,2025-04-06,2025-03-02
204,2824,197,2025-03-24,2025-03-13
205,2932,114,2025-05-30,2025-05-08
206,1942,169,2025-03-27,2025-03-10
207,1318,54,2025-05-08,2025-05-22
208,1720,20,2025-05-29,2025-05-12
209,56,72,2025-01-23,2025-05-26
210,1709,8,2025-03-20,2025-03-27
211,4599,71,2025-05-26,2025-04-05
212,2141,108,2025-05-26,2025-05-31
213,1524,124,2025-04-01,2025-02-09
214,927,25,2025-03-25,2025-03-21
215,227,20,2025-02-14,2025-02-28
216,1853,67,2025-02-11,2025-04-19
217,1019,78,2025-01-04,2025-03-15
218,266,56,2025-02-10,2025-03-15
219,659,50,2025-02-04,2025-01-06
220,4417,144,2025-05-04,2025-03-25
221,331,162,2025-06-02,2025-06-02
222,868,82,2025-03-01,2025-04-14
223,4598,119,2025-04-27,2025-05-18
224,1101,63,2025-05-08,2025-04-20
225,4592,67,2025-05-22,2025-05-13
226,4210,154,2025-04-08,2025-02-14
227,3182,158,2025-02-15,2025-04-28
228,1190,119,2025-02-19,2025-04-15
229,4080,87,2025-04-22,2025-04-12
230,4797,102,2025-03-13,2025-03-27
231,3653,126,2025-04-06,2025-03-29
232,3942,53,2025-04-22,2025-05-24
233,2098,53,2025-05-02,2025-01-19
234,3585,159,2025-01-28,2025-01-12
235,4098,72,2025-03-14,2025-04-07
236,3381,70,2025-03-12,2025-01-12
237,1548,58,2025-05-08,2025-03-29
238,3868,47,2025-03-02,2025-02-02
239,1810,182,2025-03-22,2025-02-02
240,34,155,2025-04-16,2025-02-16
241,4768,159,2025-04-18,2025-05-26
242,195,82,2025-06-01,2025-04-23
243,4118,69,2025-01-06,2025-02-19
244,711,82,2025-01-02,2025-05-13
245,857,27,2025-03-17,2025-04-06
246,1488,32,2025-05-21,2025-03-08
247,2848,173,2025-02-19,2025-05-17
248,3053,90,2025-05-07,2025-04-04
249,1713,47,2025-05-29,2025-02-03
250,4103,113,2025-03-17,2025-03-31
251,1928,138,2025-04-12,2025-01-23
252,1873,33,2025-01-29,2025-03-18
253,525,68,2025-01-07,2025-03-29
254,1664,102,2025-03-21,2025-04-12
255,117,15,2025-05-29,2025-04-05
256,2498,2,2025-03-08,2025-04-13
257,3199,130,2025-03-08,2025-04-20
258,3882,79,2025-02-11,2025-04-04
259,464,179,2025-02-08,2025-04-30
260,3493,14,2025-03-13,2025-01-06
261,2159,14,2025-04-16,2025-05-01
262,4101,118,2025-02-14,2025-01-21
263,1425,33,2025-02-21,2025-05-11
264,3139,33,2025-01-25,2025-04-10
265,2240,160,2025-01-29,2025-04-30
266,4626,54,2025-01-01,2025-01-13
267,2218,164,2025-02-14,2025-01-25
268,2951,179,2025-03-31,2025-04-16
269,2042,16,2025-03-20,2025-02-25
270,181,194,2025-05-20,2025-03-14
271,4335,171,2025-01-08,2025-01-04
272,4069,86,2025-04-14,2025-05-20
273,2634,87,2025-05-01,2025-01-21
274,1063,146,2025-03-15,2025-05-19
275,2325,99,2025-04-22,2025-01-19
276,4014,23,2025-05-12,2025-01-22
277,2020,91,2025-02-25,2025-02-06
278,3997,177,2025-01-27,2025-04-11
279,1484,133,2025-01-01,2025-04-12
280,3418,39,2025-02-09,2025-02-28
281,1709,59,2025-05-12,2025-05-29
282,2085,73,2025-04-02,2025-04-17
283,2066,76,2025-03-13,2025-02-06
284,2828,123,2025-03-06,2025-03-18
285,3398,94,2025-03-20,2025-01-15
286,3227,82,2025-01-01,2025-02-05
287,739,20,2025-02-20,2025-03-02
288,4263,6,2025-01-22,2025-01-03
289,4154,101,2025-02-20,2025-03-31
290,1363,51,2025-01-19,2025-05-12
291,2757,171,2025-03-12,2025-01-25
292,3563,138,2025-01-03,2025-04-28
293,2101,189,2025-02-18,2025-02-28
294,890,119,2025-02-12,2025-04-19
295,231,152,2025-04-05,2025-04-24
296,4912,177,2025-02-06,2025-01-09
297,3944,111,2025-03-27,2025-01-20
298,2245,27,2025-05-16,2025-06-03
299,3691,187,2025-04-08,2025-05-01
300,1408,152,2025-04-02,2025-01-11
301,3554,26,2025-04-07,2025-06-01
302,170,2,2025-05-06,2025-04-11
303,1572,40,2025-04-04,2025-06-01
304,1703,74,2025-03-18,2025-05-16
305,4815,83,2025-02-22,2025-04-13
306,2886,190,2025-01-02,2025-02-20
307,1036,112,2025-04-10,2025-04-15
308,1395,123,2025-02-17,2025-04-07
309,4595,144,2025-03-03,2025-05-25
310,3355,82,2025-04-21,2025-06-02
311,4535,147,2025-03-20,2025-02-07
312,456,106,2025-01-31,2025-04-15
313,4776,124,2025-01-15,2025-06-02
314,1188,11,2025-03-26,2025-04-27
315,4960,196,2025-05-02,2025-02-13
316,3276,144,2025-05-27,2025-02-07
317,640,196,2025-03-07,2025-03-19
318,623,187,2025-02-16,2025-02-13
319,4513,149,2025-04-11,2025-03-14
320,9,94,2025-02-15,2025-04-10
321,4612,160,2025-01-27,2025-04-10
322,3901,156,2025-05-28,2025-01-21
323,4003,40,2025-03-25,2025-06-04
324,4771,150,2025-05-15,2025-05-26
325,3174,117,2025-03-30,2025-02-17
326,3136,3,2025-04-26,2025-05-17
327,979,130,2025-02-07,2025-03-30
328,931,69,2025-02-09,2025-04-08
329,2414,63,2025-04-19,2025-05-10
330,1048,87,2025-05-19,2025-01-10
331,3238,21,2025-04-13,2025-05-04
332,4658,145,2025-05-09,2025-02-27
333,2045,53,2025-01-21,2025-05-22
334,35,33,2025-05-19,2025-01-18
335,50,74,2025-03-06,2025-05-08
336,2155,67,2025-02-01,2025-04-30
337,2130,58,2025-04-29,2025-03-04
338,14,5,2025-05-10,2025-03-21
339,1448,177,2025-03-11,2025-03-22
340,3320,48,2025-02-20,2025-01-28
341,472,86,2025-01-10,2025-03-03
342,4721,183,2025-02-03,2025-01-15
343,1123,199,2025-03-16,2025-01-04
344,1055,79,2025-03-20,2025-02-07
345,131,145,2025-02-08,2025-04-21
346,3072,118,2025-04-03,2025-01-18
347,4629,35,2025-01-23,2025-03-29
348,4302,78,2025-03-05,2025-01-05
349,2359,110,2025-01-29,2025-01-28
350,2536,65,2025-03-04,2025-05-20
351,4403,138,2025-04-27,2025-01-11
352,2415,161,2025-02-14,2025-01-22
353,3165,143,2025-05-06,2025-05-07
354,931,141,2025-04-06,2025-01-03
355,1259,34,2025-04-09,2025-01-06
356,2004,20,2025-05-05,2025-03-23
357,3312,130,2025-01-06,2025-03-25
358,1089,67,2025-01-25,2025-03-20
359,3869,52,2025-01-30,2025-04-21
360,2243,152,2025-02-06,2025-05-25
361,3162,111,2025-01-22,2025-03-05
362,1887,30,2025-03-30,2025-05-23
363,2214,119,2025-05-04,2025-05-21
364,752,21,2025-04-27,2025-05-22
365,4862,50,2025-02-13,2025-04-27
366,1980,89,2025-03-04,2025-03-27
367,3694,82,2025-04-28,2025-03-08
368,2888,154,2025-05-12,2025-02-06
369,4132,158,2025-01-13,2025-01-29
370,1557,58,2025-02-16,2025-04-01
371,267,195,2025-04-25,2025-01-20
372,4087,171,2025-01-04,2025-04-07
373,231,139,2025-01-22,2025-01-31
374,202,77,2025-02-02,2025-05-10
375,1865,120,2025-04-08,2025-02-06
376,2994,184,2025-03-20,2025-03-08
377,3148,102,2025-03-26,2025-02-10
378,50,184,2025-01-09,2025-01-22
379,2182,83,2025-04-21,2025-03-09
380,2402,49,2025-05-13,2025-05-26
381,3835,28,2025-02-10,2025-01-02
382,4149,55,2025-05-06,2025-03-25
383,2607,89,2025-05-29,2025-03-15
384,3203,121,2025-03-05,2025-04-02
385,2753,191,2025-01-12,2025-05-16
386,3862,170,2025-05-19,2025-01-14
387,2856,5,2025-03-31,2025-06-03
388,1391,191,2025-01-18,2025-05-21
389,4897,100,2025-04-10,2025-05-03
390,2460,104,2025-04-10,2025-04-04
391,4319,88,2025-05-17,2025-05-08
392,169,165,2025-03-01,2025-02-28
393,881,67,2025-05-25,2025-01-15
394,1545,191,2025-04-05,2025-05-07
395,1929,186,2025-05-01,2025-03-30
396,729,11,2025-01-19,2025-02-08
397,4394,147,2025-01-01,2025-03-04
398,3503,195,2025-02-27,2025-04-05
399,2836,173,2025-03-19,2025-03-24
400,2679,1,2025-03-21,2025-03-13
401,2923,1,2025-05-09,2025-01-08
402,73,60,2025-05-02,2025-05-16
403,4913,65,2025-01-16,2025-05-03
404,235,147,2025-03-31,2025-05-26
405,2552,158,2025-03-17,2025-01-03
406,675,136,2025-03-23,2025-02-20
407,777,70,2025-05-12,2025-01-28
408,2140,109,2025-02-02,2025-03-16
409,3092,178,2025-02-18,2025-06-04
410,2812,120,2025-03-11,2025-04-15
411,4139,20,2025-04-06,2025-04-11
412,2053,130,2025-04-17,2025-04-18
413,514,119,2025-02-09,2025-04-09
414,3839,140,2025-03-17,2025-03-29
415,600,47,2025-01-05,2025-05-31
416,2434,179,2025-01-06,2025-05-24
417,1720,103,2025-03-21,2025-02-25
418,4823,125,2025-03-29,2025-02-24
419,1839,135,2025-03-16,2025-01-13
420,4018,199,2025-03-13,2025-03-01
421,1015,175,2025-02-08,2025-05-29
422,4104,158,2025-05-14,2025-05-30
423,316,139,2025-01-12,2025-05-04
424,3683,78,2025-02-17,2025-01-21
425,4646,36,2025-05-02,2025-05-20
426,3822,81,2025-06-01,2025-05-13
427,397,158,2025-01-07,2025-04-26
428,4790,179,2025-03-22,2025-03-29
429,1366,166,2025-04-15,2025-01-11
430,2566,53,2025-02-22,2025-04-20
431,3044,107,2025-01-04,2025-03-30
432,537,45,2025-01-03,2025-01-06
433,4275,58,2025-03-02,2025-03-02
434,2693,83,2025-04-18,2025-01-29
435,3364,132,2025-01-23,2025-06-04
436,4471,26,2025-01-18,2025-05-29
437,4357,44,2025-01-05,2025-04-11
438,4452,41,2025-04-07,2025-01-29
439,4039,167,2025-04-25,2025-03-17
440,4904,54,2025-02-19,2025-04-29
441,2695,129,2025-05-11,2025-06-03
442,1182,14,2025-02-22,2025-02-24
443,1867,110,2025-05-06,2025-05-29
444,4439,46,2025-04-10,2025-04-15
445,355,93,2025-02-16,2025-01-12
446,1322,7,2025-02-28,2025-01-21
447,3493,192,2025-05-25,2025-05-14
448,2564,82,2025-05-09,2025-03-19
449,4084,158,2025-04-19,2025-01-02
450,817,189,2025-01-05,2025-02-18
451,1382,66,2025-04-16,2025-05-20
452,246,6,2025-02-01,2025-01-09
453,2305,66,2025-05-21,2025-03-05
454,3809,196,2025-05-16,2025-04-08
455,3859,14,2025-04-13,2025-05-06
456,2877,180,2025-02-15,2025-04-15
457,84,35,2025-03-23,2025-02-08
458,928,187,2025-05-19,2025-04-02
459,23,124,2025-05-18,2025-06-01
460,490,128,2025-05-21,2025-01-13
461,3260,148,2025-01-14,2025-05-07
462,4471,118,2025-01-06,2025-01-26
463,4192,105,2025-04-20,2025-05-20
464,2928,17,2025-04-28,2025-02-23
465,4763,179,2025-02-10,2025-03-24
466,3019,67,2025-03-01,2025-03-04
467,2833,125,2025-03-06,2025-02-12
468,2596,193,2025-02-19,2025-03-06
469,3093,44,2025-02-12,2025-01-23
470,3690,126,2025-02-06,2025-05-06
471,1143,101,2025-04-09,2025-03-12
472,4061,169,2025-02-23,2025-02-15
473,1120,60,2025-04-06,2025-04-21
474,4228,180,2025-03-21,2025-01-11
475,1307,162,2025-04-04,2025-05-20
476,2286,1,2025-03-18,2025-05-29
477,4652,115,2025-05-18,2025-03-11
478,373,17,2025-01-10,2025-04-11
479,1779,77,2025-03-10,2025-06-01
480,4287,114,2025-01-03,2025-04-17
481,2307,131,2025-01-17,2025-04-13
482,759,138,2025-03-12,2025-04-10
483,3266,149,2025-02-10,2025-03-29
484,2801,109,2025-03-23,2025-03-05
485,1567,190,2025-04-18,2025-04-16
486,815,73,2025-05-25,2025-04-07
487,1570,45,2025-05-02,2025-02-24
488,4137,123,2025-05-07,2025-04-23
489,4187,171,2025-04-07,2025-05-09
490,2435,189,2025-01-16,2025-02-28
491,3930,133,2025-05-08,2025-01-04
492,4783,139,2025-02-06,2025-01-12
493,3914,118,2025-02-28,2025-02-23
494,4160,10,2025-04-03,2025-01-01
495,3774,142,2025-02-11,2025-01-25
496,3529,70,2025-03-07,2025-01-26
497,2760,90,2025-03-17,2025-05-01
498,2543,104,2025-01-14,2025-01-25
499,3706,84,2025-02-16,2025-01-04
500,3398,181,2025-05-21,2025-02-12
501,2429,18,2025-01-27,2025-04-03
502,295,191,2025-02-28,2025-04-02
503,4129,5,2025-05-27,2025-04-24
504,262,180,2025-05-04,2025-04-27
505,1760,174,2025-03-01,2025-02-14
506,1026,118,2025-02-23,2025-01-29
507,4837,194,2025-04-04,2025-04-06
508,615,118,2025-05-30,2025-04-15
509,4520,34,2025-02-16,2025-04-23
510,658,56,2025-02-15,2025-01-19
511,4549,59,2025-04-13,2025-06-03
512,1582,36,2025-03-29,2025-02-21
513,4450,5,2025-06-03,2025-02-14
514,4507,12,2025-01-28,2025-03-11
515,2699,53,2025-03-23,2025-04-07
516,242,124,2025-04-01,2025-05-08
517,4892,27,2025-02-10,2025-05-03
518,1435,147,2025-02-26,2025-05-05
519,569,68,2025-02-05,2025-04-14
520,2112,127,2025-03-19,2025-04-27
521,2897,49,2025-04-10,2025-03-22
522,2437,79,2025-04-07,2025-01-02
523,1235,28,2025-03-27,2025-02-05
524,3495,80,2025-03-07,2025-01-08
525,4043,177,2025-04-02,2025-05-01
526,4029,182,2025-03-26,2025-01-12
527,356,92,2025-04-23,2025-03-14
528,1740,42,2025-01-03,2025-02-23
529,3817,85,2025-04-30,2025-01-05
530,2509,172,2025-02-23,2025-04-26
531,995,74,2025-01-15,2025-04-17
532,1079,173,2025-05-07,2025-02-14
533,3163,170,2025-04-29,2025-03-22
534,690,176,2025-06-03,2025-03-23
535,3407,105,2025-03-20,2025-04-18
536,2551,53,2025-05-20,2025-05-04
537,705,101,2025-05-13,2025-01-12
538,503,24,2025-01-31,2025-05-21
539,3572,144,2025-04-20,2025-02-02
540,1460,116,2025-04-28,2025-02-06
541,3175,48,2025-05-21,2025-05-04
542,4644,57,2025-01-26,2025-05-10
543,3357,108,2025-01-19,2025-04-15
544,2854,183,2025-05-11,2025-04-06
545,2302,160,2025-05-09,2025-01-31
546,934,157,2025-02-19,2025-03-26
547,2983,49,2025-01-11,2025-03-01
548,1888,192,2025-05-02,2025-05-04
549,986,27,2025-05-08,2025-04-27
550,1049,161,2025-01-24,2025-03-11
551,4628,34,2025-06-01,2025-01-07
552,2496,199,2025-03-12,2025-03-09
553,4746,10,2025-02-20,2025-05-21
554,4908,97,2025-02-10,2025-03-20
555,950,165,2025-01-18,2025-03-25
556,784,99,2025-02-07,2025-02-09
557,3734,160,2025-01-05,2025-05-03
558,2118,171,2025-03-14,2025-01-06
559,2080,156,2025-01-06,2025-03-24
560,3567,197,2025-04-16,2025-02-16
561,2140,40,2025-02-05,2025-03-10
562,1619,62,2025-03-22,2025-01-29
563,538,28,2025-02-25,2025-05-08
564,2950,120,2025-06-01,2025-03-05
565,578,195,2025-05-11,2025-02-07
566,411,86,2025-01-20,2025-02-07
567,4651,174,2025-04-23,2025-01-04
568,611,7,2025-01-25,2025-06-04
569,633,84,2025-05-16,2025-04-12
570,3478,189,2025-02-22,2025-01-13
571,664,36,2025-02-24,2025-05-31
572,429,11,2025-02-03,2025-03-20
573,1059,16,2025-04-03,2025-03-29
574,770,61,2025-02-10,2025-05-16
575,1939,187,2025-04-02,2025-05-23
576,2405,5,2025-05-18,2025-02-18
577,1572,20,2025-04-27,2025-02-13
578,4360,178,2025-04-29,2025-02-02
579,2780,77,2025-04-29,2025-05-04
580,2226,141,2025-03-16,2025-01-17
581,3252,152,2025-04-30,2025-03-18
582,980,118,2025-01-24,2025-01-31
583,1639,66,2025-01-02,2025-04-26
584,4980,60,2025-01-03,2025-03-15
585,3478,61,2025-02-17,2025-05-19
586,1242,3,2025-01-13,2025-01-05
587,2071,188,2025-04-02,2025-01-16
588,1832,117,2025-03-26,2025-04-19
589,4969,113,2025-04-18,2025-02-07
590,1786,10,2025-03-02,2025-04-10
591,16,199,2025-01-10,2025-06-04
592,2029,82,2025-03-26,2025-03-01
593,2347,66,2025-05-01,2025-05-17
594,449,73,2025-01-11,2025-02-08
595,2112,38,2025-01-13,2025-06-01
596,351,76,2025-04-27,2025-01-14
597,255,164,2025-05-12,2025-03-16
598,2351,169,2025-03-18,2025-06-04
599,4144,198,2025-03-09,2025-02-22
600,4448,114,2025-02-07,2025-03-03
601,3385,31,2025-01-06,2025-05-22
602,3442,55,2025-02-20,2025-04-28
603,2965,49,2025-03-26,2025-03-28
604,2478,149,2025-01-27,2025-03-07
605,573,134,2025-04-05,2025-02-07
606,1318,96,2025-01-04,2025-05-29
607,1432,101,2025-03-08,2025-06-04
608,876,182,2025-01-20,2025-04-23
609,4477,80,2025-05-26,2025-05-17
610,3953,60,2025-05-02,2025-05-29
611,4302,185,2025-04-08,2025-03-18
612,149,61,2025-02-11,2025-02-11
613,20,178,2025-02-27,2025-03-26
614,3267,160,2025-02-15,2025-02-23
615,3779,12,2025-02-24,2025-05-28
616,4308,105,2025-03-16,2025-02-27
617,1871,95,2025-03-14,2025-05-29
618,1409,51,2025-04-20,2025-01-06
619,1116,31,2025-03-02,2025-02-07
620,4906,154,2025-04-15,2025-04-15
621,2146,121,2025-05-03,2025-01-27
622,3018,95,2025-03-22,2025-06-03
623,2396,43,2025-05-17,2025-02-03
624,4797,36,2025-05-29,2025-06-04
625,1113,180,2025-05-05,2025-01-08
626,1979,39,2025-03-02,2025-02-24
627,2605,118,2025-03-30,2025-05-16
628,679,157,2025-02-07,2025-03-12
629,1763,85,2025-04-21,2025-04-03
630,3357,52,2025-01-21,2025-03-21
631,55,149,2025-03-22,2025-01-11
632,2860,54,2025-05-25,2025-03-25
633,3599,188,2025-04-10,2025-04-27
634,3391,177,2025-01-17,2025-01-25
635,119,148,2025-04-24,2025-03-14
636,2271,113,2025-02-23,2025-06-01
637,159,65,2025-05-01,2025-03-06
638,1063,114,2025-01-22,2025-04-12
639,2430,179,2025-06-02,2025-04-29
640,3145,141,2025-05-30,2025-04-10
641,3704,179,2025-05-10,2025-05-03
642,4224,28,2025-04-05,2025-05-04
643,3162,66,2025-01-20,2025-02-15
644,3325,89,2025-04-23,2025-05-06
645,3777,94,2025-03-20,2025-04-19
646,3038,123,2025-02-06,2025-03-25
647,2918,133,2025-02-09,2025-03-08
648,1042,148,2025-05-22,2025-01-05
649,2853,93,2025-02-26,2025-03-04
650,2669,30,2025-01-21,2025-02-23
651,4795,67,2025-04-06,2025-01-31
652,1204,40,2025-02-18,2025-04-21
653,1123,37,2025-05-21,2025-01-14
654,3735,78,2025-06-04,2025-02-28
655,1832,159,2025-06-02,2025-05-18
656,4919,123,2025-05-12,2025-04-12
657,2831,51,2025-05-09,2025-01-25
658,1635,59,2025-04-29,2025-02-07
659,1057,91,2025-01-02,2025-02-26
660,7,96,2025-05-17,2025-05-06
661,284,147,2025-03-14,2025-05-25
662,1754,68,2025-02-06,2025-04-20
663,2366,4,2025-05-12,2025-02-05
664,1282,84,2025-05-10,2025-02-27
665,3832,132,2025-01-09,2025-02-18
666,1368,34,2025-02-09,2025-05-10
667,3328,172,2025-03-10,2025-01-01
668,3723,142,2025-01-30,2025-01-25
669,1554,147,2025-01-08,2025-04-21
670,4380,105,2025-04-11,2025-05-02
671,4445,137,2025-02-28,2025-02-27
672,2494,9,2025-02-08,2025-05-08
673,2128,71,2025-02-03,2025-03-28
674,4987,163,2025-02-20,2025-05-18
675,1858,115,2025-03-13,2025-04-04
676,2955,32,2025-04-25,2025-03-04
677,1157,90,2025-03-01,2025-03-29
678,1557,146,2025-03-04,2025-02-12
679,3635,118,2025-04-29,2025-02-01
680,1643,68,2025-03-05,2025-01-09
681,2383,75,2025-04-14,2025-05-09
682,4140,135,2025-03-21,2025-04-12
683,4325,10,2025-03-09,2025-03-31
684,1907,143,2025-03-28,2025-05-21
685,619,162,2025-01-04,2025-05-17
686,1882,191,2025-05-20,2025-04-21
687,779,91,2025-03-08,2025-01-18
688,3392,62,2025-05-24,2025-05-27
689,4785,87,2025-04-07,2025-01-25
690,724,45,2025-02-25,2025-01-27
691,4176,36,2025-04-24,2025-03-14
692,436,38,2025-01-02,2025-05-02
693,3478,23,2025-03-18,2025-04-10
694,4295,183,2025-01-27,2025-01-19
695,482,148,2025-02-28,2025-01-14
696,187,128,2025-03-12,2025-01-06
697,3456,199,2025-01-25,2025-04-16
698,62,44,2025-03-25,2025-02-28
699,4487,169,2025-01-26,2025-04-29
700,954,95,2025-04-26,2025-05-21
701,1632,89,2025-03-24,2025-01-18
702,4000,128,2025-01-07,2025-03-12
703,4928,190,2025-02-17,2025-05-11
704,4637,34,2025-04-01,2025-03-07
705,4346,15,2025-02-25,2025-04-16
706,2508,13,2025-04-09,2025-04-26
707,2084,61,2025-03-08,2025-04-24
708,1505,4,2025-04-09,2025-03-25
709,35,153,2025-02-13,2025-04-16
710,538,57,2025-05-31,2025-03-20
711,4276,90,2025-01-19,2025-01-04
712,4991,64,2025-02-11,2025-02-05
713,4349,131,2025-05-13,2025-02-04
714,2900,140,2025-04-23,2025-03-22
715,4427,50,2025-04-20,2025-05-30
716,4166,167,2025-03-29,2025-01-01
717,1814,67,2025-05-13,2025-02-14
718,2394,139,2025-01-25,2025-03-03
719,1951,88,2025-05-24,2025-04-25
720,4259,16,2025-05-15,2025-02-13
721,3174,50,2025-03-03,2025-05-31
722,4681,174,2025-04-27,2025-03-06
723,1964,63,2025-01-29,2025-01-02
724,1596,36,2025-05-10,2025-04-19
725,1802,15,2025-05-19,2025-02-20
726,4953,45,2025-04-06,2025-01-16
727,1833,191,2025-03-21,2025-01-19
728,474,112,2025-04-27,2025-05-07
729,3236,91,2025-03-13,2025-01-12
730,4040,101,2025-04-08,2025-01-23
731,1383,29,2025-03-07,2025-05-02
732,802,133,2025-06-02,2025-02-21
733,3908,6,2025-02-17,2025-04-11
734,1387,166,2025-03-11,2025-01-11
735,2165,169,2025-04-15,2025-02-03
736,1723,46,2025-02-16,2025-01-05
737,4149,161,2025-04-26,2025-05-23
738,1343,106,2025-03-17,2025-02-07
739,717,27,2025-03-22,2025-01-05
740,4190,120,2025-04-01,2025-04-02
741,1467,26,2025-05-18,2025-04-19
742,4971,45,2025-01-12,2025-03-17
743,313,60,2025-01-13,2025-01-04
744,2091,139,2025-04-25,2025-05-19
745,774,65,2025-03-20,2025-05-03
746,575,167,2025-03-05,2025-04-02
747,264,129,2025-03-11,2025-03-28
748,125,161,2025-04-11,2025-03-24
749,1217,190,2025-05-11,2025-04-16
750,4126,32,2025-04-14,2025-02-26
751,2756,79,2025-02-28,2025-03-15
752,1424,161,2025-02-03,2025-02-02
753,730,3,2025-06-04,2025-06-01
754,3691,158,2025-05-06,2025-02-04
755,1708,106,2025-05-25,2025-04-12
756,4746,47,2025-01-16,2025-03-19
757,3990,140,2025-04-23,2025-05-31
758,2921,156,2025-04-16,2025-04-06
759,1431,40,2025-01-05,2025-05-06
760,2138,177,2025-05-10,2025-05-16
761,4078,149,2025-04-23,2025-03-28
762,27,195,2025-01-22,2025-04-22
763,1820,121,2025-01-17,2025-05-11
764,3964,122,2025-05-25,2025-05-13
765,498,191,2025-02-06,2025-05-25
766,1129,107,2025-04-24,2025-04-24
767,525,185,2025-05-01,2025-01-01
768,964,198,2025-05-26,2025-02-11
769,2482,183,2025-03-12,2025-05-25
770,4990,98,2025-05-12,2025-03-02
771,482,166,2025-04-08,2025-03-22
772,4576,58,2025-04-27,2025-04-19
773,453,44,2025-05-13,2025-04-17
774,2498,60,2025-02-07,2025-03-21
775,2245,10,2025-03-15,2025-05-28
776,2388,41,2025-06-01,2025-05-28
777,3394,160,2025-03-13,2025-04-20
778,1792,46,2025-03-09,2025-04-02
779,930,84,2025-01-18,2025-04-07
780,1521,84,2025-04-23,2025-01-16
781,3649,126,2025-05-12,2025-01-05
782,2937,14,2025-05-29,2025-05-30
783,4793,111,2025-01-29,2025-03-13
784,2928,39,2025-03-30,2025-05-11
785,4400,152,2025-02-21,2025-02-18
786,32,191,2025-05-11,2025-03-21
787,35,88,2025-01-27,2025-03-08
788,2510,2,2025-03-13,2025-04-04
789,214,52,2025-04-06,2025-01-17
790,4102,170,2025-02-19,2025-03-10
791,767,33,2025-03-03,2025-01-23
792,2170,81,2025-05-30,2025-02-18
793,3019,130,2025-02-16,2025-03-26
794,3898,142,2025-05-26,2025-02-12
795,3559,123,2025-02-23,2025-04-10
796,3509,143,2025-03-10,2025-02-03
797,1617,191,2025-05-30,2025-05-12
798,3823,103,2025-02-09,2025-02-22
799,4420,137,2025-03-10,2025-02-06
800,3244,143,2025-02-06,2025-01-23
801,4525,113,2025-01-31,2025-04-03
802,4606,62,2025-01-20,2025-01-29
803,4284,82,2025-02-21,2025-05-01
804,3905,124,2025-01-20,2025-05-05
805,4375,123,2025-01-27,2025-03-10
806,1990,22,2025-02-19,2025-01-09
807,1013,135,2025-03-24,2025-03-12
808,2634,52,2025-04-04,2025-02-26
809,4960,181,2025-02-28,2025-02-09
810,2994,4,2025-06-03,2025-03-20
811,1292,62,2025-05-13,2025-04-14
812,668,138,2025-02-22,2025-01-17
813,2222,104,2025-02-01,2025-03-27
814,711,62,2025-03-08,2025-06-01
815,4908,173,2025-01-26,2025-05-02
816,4218,8,2025-03-03,2025-01-26
817,222,100,2025-04-11,2025-05-02
818,4117,75,2025-05-01,2025-04-17
819,2232,123,2025-01-05,2025-05-05
820,3626,41,2025-03-11,2025-01-15
821,3616,97,2025-05-08,2025-05-08
822,4543,133,2025-05-08,2025-01-23
823,1027,161,2025-01-11,2025-05-27
824,356,180,2025-05-11,2025-01-02
825,2450,47,2025-04-26,2025-02-13
826,1840,151,2025-03-29,2025-05-07
827,3709,132,2025-04-26,2025-02-01
828,3660,140,2025-04-25,2025-05-23
829,22,118,2025-02-05,2025-04-29
830,669,54,2025-03-21,2025-02-06
831,4312,77,2025-03-31,2025-04-07
832,3875,52,2025-03-18,2025-05-02
833,562,36,2025-03-27,2025-02-22
834,512,133,2025-03-03,2025-06-01
835,2725,118,2025-04-28,2025-04-21
836,3090,160,2025-05-15,2025-01-10
837,4719,41,2025-04-20,2025-02-06
838,775,118,2025-03-19,2025-05-21
839,4775,63,2025-05-31,2025-01-14
840,847,42,2025-05-09,2025-03-01
841,4774,73,2025-03-06,2025-04-21
842,4469,28,2025-04-22,2025-04-13
843,729,100,2025-05-16,2025-03-11
844,1485,30,2025-04-23,2025-02-13
845,4557,63,2025-01-24,2025-01-12
846,1360,97,2025-01-30,2025-02-25
847,4885,146,2025-04-24,2025-05-17
848,1944,111,2025-02-04,2025-02-16
849,3989,96,2025-05-16,2025-01-10
850,4724,5,2025-01-22,2025-05-17
851,682,179,2025-05-13,2025-03-10
852,3946,113,2025-03-07,2025-05-04
853,485,120,2025-04-14,2025-01-20
854,4526,175,2025-02-13,2025-03-16
855,3171,106,2025-04-15,2025-01-02
856,3743,25,2025-01-14,2025-04-18
857,4108,20,2025-04-22,2025-03-14
858,1541,7,2025-04-08,2025-01-06
859,2598,50,2025-05-24,2025-05-04
860,359,4,2025-01-21,2025-05-23
861,989,114,2025-04-22,2025-04-22
862,4832,157,2025-05-02,2025-05-01
863,3925,56,2025-04-21,2025-05-13
864,3757,115,2025-05-04,2025-04-12
865,1233,80,2025-01-14,2025-05-10
866,4676,199,2025-02-27,2025-05-07
867,721,28,2025-03-08,2025-01-27
868,1582,75,2025-02-23,2025-03-11
869,1142,152,2025-04-19,2025-02-17
870,1495,173,2025-05-10,2025-01-05
871,16,178,2025-03-25,2025-04-21
872,553,80,2025-02-13,2025-04-22
873,206,94,2025-04-04,2025-04-30
874,1817,157,2025-01-04,2025-01-31
875,4194,87,2025-05-24,2025-03-24
876,3753,148,2025-04-29,2025-04-17
877,3706,157,2025-01-25,2025-02-02
878,1574,45,2025-05-09,2025-05-02
879,4784,17,2025-03-19,2025-05-05
880,3360,88,2025-03-30,2025-05-20
881,73,46,2025-03-03,2025-04-08
882,4040,16,2025-03-14,2025-05-29
883,4817,21,2025-01-26,2025-03-13
884,1715,194,2025-03-03,2025-01-03
885,1785,147,2025-05-05,2025-03-21
886,1820,119,2025-05-19,2025-04-03
887,3393,95,2025-03-27,2025-04-05
888,4725,79,2025-06-03,2025-03-01
889,4430,69,2025-04-25,2025-04-09
890,4018,32,2025-01-08,2025-01-14
891,72,189,2025-02-13,2025-05-13
892,4160,118,2025-05-14,2025-02-11
893,3425,139,2025-01-11,2025-03-27
894,2864,158,2025-03-05,2025-01-22
895,590,115,2025-04-22,2025-02-01
896,644,128,2025-02-21,2025-02-27
897,3157,32,2025-04-16,2025-04-26
898,342,1,2025-02-23,2025-02-13
899,2243,82,2025-05-22,2025-03-19
900,3574,13,2025-02-02,2025-05-27
901,978,135,2025-05-03,2025-03-15
902,4456,141,2025-04-29,2025-03-05
903,265,78,2025-03-22,2025-04-11
904,2848,103,2025-02-25,2025-01-30
905,4991,152,2025-05-28,2025-04-05
906,1607,110,2025-03-04,2025-01-20
907,2171,146,2025-05-04,2025-04-24
908,1046,101,2025-03-04,2025-03-26
909,2588,199,2025-03-29,2025-02-25
910,451,76,2025-04-09,2025-05-12
911,4104,107,2025-05-19,2025-03-16
912,4917,35,2025-01-18,2025-02-04
913,3484,41,2025-02-07,2025-05-19
914,3368,76,2025-05-23,2025-03-15
915,3808,139,2025-05-09,2025-01-23
916,2769,139,2025-04-01,2025-01-09
917,651,136,2025-04-18,2025-04-09
918,512,2,2025-02-27,2025-02-09
919,2197,17,2025-01-21,2025-04-01
920,3027,61,2025-02-13,2025-03-31
921,4303,73,2025-01-12,2025-04-14
922,1159,189,2025-01-19,2025-03-27
923,2502,72,2025-01-12,2025-03-12
924,4830,12,2025-04-02,2025-01-23
925,4061,135,2025-02-01,2025-02-28
926,877,58,2025-03-30,2025-02-20
927,3949,53,2025-04-10,2025-01-15
928,1276,32,2025-05-20,2025-01-09
929,34,147,2025-02-19,2025-05-10
930,1393,158,2025-05-19,2025-05-28
931,3271,32,2025-02-07,2025-04-27
932,453,37,2025-05-27,2025-01-04
933,2088,1,2025-01-02,2025-04-23
934,4650,35,2025-05-28,2025-01-25
935,4413,80,2025-04-13,2025-04-08
936,666,132,2025-05-20,2025-06-01
937,4413,66,2025-01-17,2025-01-28
938,329,154,2025-03-31,2025-05-08
939,296,94,2025-02-27,2025-04-22
940,4131,106,2025-01-08,2025-05-05
941,3330,194,2025-03-14,2025-02-25
942,429,169,2025-05-04,2025-02-15
943,1634,173,2025-02-08,2025-01-03
944,251,44,2025-01-28,2025-02-28
945,4334,141,2025-01-29,2025-04-08
946,581,107,2025-01-19,2025-03-13
947,2552,175,2025-03-14,2025-05-13
948,1123,7,2025-01-23,2025-02-19
949,3918,140,2025-04-07,2025-01-29
950,2949,150,2025-03-26,2025-03-05
951,653,137,2025-02-18,2025-04-29
952,2135,42,2025-03-31,2025-05-03
953,3622,81,2025-05-25,2025-02-19
954,3115,30,2025-05-15,2025-01-16
955,2241,153,2025-01-27,2025-03-25
956,846,38,2025-05-22,2025-04-03
957,2078,114,2025-04-10,2025-01-05
958,4222,95,2025-01-07,2025-05-08
959,2601,52,2025-04-20,2025-05-05
960,1654,10,2025-02-07,2025-04-21
961,308,99,2025-05-26,2025-03-11
962,3708,108,2025-03-27,2025-02-10
963,4907,23,2025-05-31,2025-05-02
964,4251,40,2025-03-27,2025-01-29
965,2717,168,2025-01-18,2025-04-12
966,3927,137,2025-01-15,2025-05-09
967,3804,50,2025-02-19,2025-01-31
968,4517,193,2025-06-03,2025-02-07
969,3883,13,2025-05-14,2025-02-05
970,2498,7,2025-02-24,2025-02-14
971,4168,114,2025-01-19,2025-05-14
972,4445,39,2025-05-16,2025-04-17
973,604,18,2025-05-18,2025-05-21
974,771,178,2025-04-04,2025-02-10
975,994,37,2025-02-04,2025-04-13
976,664,84,2025-03-07,2025-04-08
977,884,112,2025-02-15,2025-05-02
978,3116,185,2025-04-08,2025-02-15
979,3521,124,2025-05-23,2025-03-03
980,1505,185,2025-01-27,2025-03-03
981,2796,35,2025-01-23,2025-03-04
982,3450,71,2025-05-03,2025-03-12
983,1382,161,2025-02-23,2025-02-24
984,2978,21,2025-03-18,2025-04-27
985,1268,120,2025-04-21,2025-01-31
986,4678,101,2025-04-02,2025-02-22
987,620,108,2025-05-05,2025-04-07
988,3068,133,2025-05-02,2025-03-20
989,272,190,2025-03-22,2025-04-23
990,1248,181,2025-03-25,2025-05-21
991,161,30,2025-04-02,2025-03-02
992,982,16,2025-04-23,2025-02-07
993,3415,181,2025-04-30,2025-02-19
994,1836,136,2025-02-27,2025-05-16
995,3606,116,2025-05-30,2025-02-10
996,4519,123,2025-04-07,2025-03-15
997,575,38,2025-01-25,2025-02-05
998,383,23,2025-03-22,2025-03-09
999,3662,33,2025-05-12,2025-01-01
1000,4363,131,2025-04-03,2025-04-01
1001,1363,185,2025-05-19,2025-04-19
1002,4993,176,2025-03-31,2025-01-30
1003,2495,29,2025-01-20,2025-05-10
1004,4143,52,2025-03-24,2025-05-18
1005,877,136,2025-04-10,2025-06-03
1006,3655,177,2025-02-09,2025-04-27
1007,1754,55,2025-02-09,2025-04-14
1008,2925,71,2025-01-19,2025-05-30
1009,4295,22,2025-01-31,2025-05-25
1010,2023,60,2025-04-03,2025-03-28
1011,4527,58,2025-05-26,2025-03-20
1012,2652,68,2025-03-30,2025-02-09
1013,515,31,2025-01-25,2025-01-31
1014,395,141,2025-05-29,2025-05-04
1015,2569,55,2025-05-22,2025-02-13
1016,857,45,2025-05-07,2025-04-23
1017,4469,101,2025-05-03,2025-04-17
1018,455,140,2025-04-06,2025-02-20
1019,3825,8,2025-02-09,2025-04-16
1020,880,15,2025-05-16,2025-05-30
1021,1792,170,2025-01-22,2025-04-23
1022,2985,69,2025-04-22,2025-04-23
1023,2965,80,2025-04-26,2025-04-30
1024,1966,45,2025-01-08,2025-05-30
1025,465,34,2025-01-25,2025-05-26
1026,2770,67,2025-05-06,2025-01-14
1027,2236,164,2025-04-24,2025-02-11
1028,1718,103,2025-01-06,2025-04-14
1029,608,178,2025-02-13,2025-02-14
1030,2952,115,2025-01-06,2025-01-15
1031,3552,81,2025-05-12,2025-04-29
1032,856,109,2025-05-10,2025-02-08
1033,3838,99,2025-04-23,2025-03-31
1034,2841,124,2025-02-17,2025-01-21
1035,2452,20,2025-03-24,2025-01-24
1036,378,167,2025-01-05,2025-02-21
1037,2931,96,2025-03-09,2025-05-30
1038,3351,40,2025-04-23,2025-04-05
1039,2583,157,2025-04-11,2025-04-02
1040,2080,40,2025-01-21,2025-03-01
1041,2914,13,2025-03-23,2025-01-24
1042,3282,81,2025-01-28,2025-03-14
1043,4482,74,2025-02-25,2025-05-03
1044,3774,200,2025-04-21,2025-01-31
1045,1390,33,2025-01-14,2025-05-08
1046,1271,28,2025-02-26,2025-01-31
1047,3237,196,2025-04-05,2025-01-15
1048,955,191,2025-04-13,2025-05-25
1049,1082,67,2025-02-06,2025-06-03
1050,2147,157,2025-04-27,2025-05-14
1051,3573,142,2025-02-19,2025-04-24
1052,1497,141,2025-05-28,2025-02-06
1053,1449,180,2025-03-12,2025-05-03
1054,2253,107,2025-03-02,2025-04-10
1055,1467,165,2025-05-09,2025-03-14
1056,3141,21,2025-02-19,2025-04-15
1057,3512,134,2025-04-25,2025-05-18
1058,367,118,2025-03-11,2025-05-16
1059,939,178,2025-05-08,2025-03-14
1060,994,160,2025-04-19,2025-02-28
1061,988,168,2025-04-13,2025-01-04
1062,3914,189,2025-01-04,2025-05-22
1063,1560,35,2025-03-14,2025-05-31
1064,683,134,2025-04-14,2025-04-16
1065,1154,42,2025-02-28,2025-03-04
1066,4636,16,2025-06-03,2025-02-16
1067,551,167,2025-01-22,2025-04-07
1068,1862,51,2025-03-07,2025-02-04
1069,3757,46,2025-04-12,2025-05-06
1070,8,66,2025-03-19,2025-02-05
1071,1668,125,2025-05-03,2025-05-20
1072,2997,82,2025-02-23,2025-02-01
1073,3117,14,2025-02-23,2025-02-28
1074,2301,139,2025-04-04,2025-01-08
1075,3613,126,2025-04-14,2025-05-06
1076,1897,54,2025-03-21,2025-01-02
1077,4441,117,2025-04-15,2025-05-30
1078,422,8,2025-01-18,2025-01-17
1079,1242,26,2025-03-15,2025-04-19
1080,3177,122,2025-03-17,2025-01-30
1081,2267,134,2025-01-08,2025-01-10
1082,2138,43,2025-03-03,2025-02-26
1083,2587,117,2025-02-26,2025-04-16
1084,4860,93,2025-01-07,2025-02-18
1085,863,187,2025-04-18,2025-04-09
1086,3824,94,2025-06-03,2025-03-26
1087,1332,129,2025-02-18,2025-02-24
1088,1029,82,2025-04-25,2025-03-31
1089,3748,64,2025-05-15,2025-03-27
1090,3124,77,2025-01-21,2025-02-11
1091,4552,57,2025-03-28,2025-02-14
1092,372,177,2025-02-08,2025-04-04
1093,3546,154,2025-02-26,2025-05-13
1094,3420,128,2025-05-20,2025-05-05
1095,3582,48,2025-02-06,2025-05-29
1096,346,81,2025-04-18,2025-01-18
1097,1853,125,2025-02-06,2025-02-01
1098,4656,142,2025-01-28,2025-05-03
1099,1930,185,2025-04-20,2025-05-20
1100,1173,58,2025-03-30,2025-01-12
1101,3267,200,2025-03-21,2025-06-02
1102,3852,147,2025-02-19,2025-05-01
1103,394,10,2025-05-13,2025-04-13
1104,4844,4,2025-04-30,2025-01-29
1105,2077,108,2025-03-07,2025-01-19
1106,403,23,2025-05-01,2025-01-25
1107,2697,108,2025-04-27,2025-02-07
1108,4462,65,2025-02-23,2025-03-20
1109,413,197,2025-05-21,2025-06-03
1110,403,96,2025-03-11,2025-05-20
1111,483,41,2025-03-05,2025-05-20
1112,2845,130,2025-04-10,2025-04-09
1113,4031,90,2025-03-27,2025-02-05
1114,4553,84,2025-02-23,2025-03-25
1115,1392,56,2025-01-07,2025-05-13
1116,1322,196,2025-03-11,2025-04-25
1117,2659,97,2025-01-03,2025-02-18
1118,3548,159,2025-05-06,2025-03-30
1119,1011,94,2025-04-16,2025-02-03
1120,4986,10,2025-04-04,2025-03-10
1121,1761,3,2025-05-27,2025-01-09
1122,3577,61,2025-02-24,2025-01-19
1123,3234,70,2025-02-06,2025-02-12
1124,2650,79,2025-05-15,2025-03-31
1125,2586,61,2025-01-24,2025-02-20
1126,1177,102,2025-04-07,2025-02-04
1127,3667,152,2025-05-14,2025-03-08
1128,663,94,2025-03-11,2025-04-08
1129,663,63,2025-03-17,2025-04-03
1130,2406,100,2025-04-30,2025-04-11
1131,659,4,2025-05-28,2025-04-28
1132,2457,140,2025-05-07,2025-04-16
1133,3788,195,2025-03-09,2025-05-08
1134,1284,105,2025-02-12,2025-05-05
1135,3725,78,2025-04-05,2025-02-26
1136,2933,42,2025-02-07,2025-02-15
1137,3370,138,2025-03-14,2025-05-29
1138,878,194,2025-01-28,2025-03-26
1139,2195,160,2025-03-13,2025-03-26
1140,2838,137,2025-05-24,2025-05-02
1141,1477,29,2025-02-20,2025-02-13
1142,3917,24,2025-03-18,2025-03-02
1143,2577,110,2025-04-02,2025-04-22
1144,1785,109,2025-05-15,2025-02-09
1145,4546,179,2025-05-13,2025-05-19
1146,3355,50,2025-01-29,2025-03-09
1147,3364,107,2025-03-21,2025-03-19
1148,2418,104,2025-02-17,2025-02-14
1149,3867,95,2025-05-05,2025-01-10
1150,1850,175,2025-04-25,2025-05-25
1151,732,74,2025-05-18,2025-01-10
1152,3507,50,2025-03-24,2025-01-06
1153,4420,166,2025-05-13,2025-01-21
1154,194,89,2025-01-24,2025-04-09
1155,1913,119,2025-01-13,2025-01-04
1156,4137,178,2025-05-31,2025-01-24
1157,4270,26,2025-03-09,2025-05-21
1158,936,127,2025-01-19,2025-04-09
1159,1432,75,2025-05-08,2025-03-07
1160,3825,22,2025-03-10,2025-04-18
1161,1161,146,2025-02-11,2025-01-24
1162,1539,90,2025-01-30,2025-01-17
1163,2081,82,2025-01-17,2025-01-11
1164,2923,41,2025-03-12,2025-03-13
1165,3516,41,2025-03-11,2025-05-13
1166,1140,129,2025-04-10,2025-05-20
1167,2452,170,2025-04-10,2025-02-18
1168,4275,39,2025-04-09,2025-03-28
1169,1286,74,2025-03-18,2025-04-15
1170,1335,79,2025-01-27,2025-04-26
1171,2714,31,2025-04-05,2025-02-05
1172,4330,75,2025-03-16,2025-02-19
1173,845,194,2025-05-07,2025-02-27
1174,2547,144,2025-03-18,2025-02-26
1175,2662,32,2025-04-08,2025-02-27
1176,1269,68,2025-02-11,2025-01-26
1177,3397,81,2025-04-01,2025-05-31
1178,1039,118,2025-05-14,2025-03-28
1179,1970,126,2025-03-05,2025-02-27
1180,448,63,2025-02-27,2025-03-16
1181,62,85,2025-01-29,2025-03-25
1182,3976,70,2025-01-19,2025-02-19
1183,2641,26,2025-06-04,2025-02-18
1184,929,88,2025-02-12,2025-05-03
1185,2021,54,2025-03-25,2025-05-04
1186,605,138,2025-05-01,2025-05-14
1187,144,176,2025-04-28,2025-05-14
1188,2421,200,2025-04-22,2025-03-23
1189,1810,71,2025-04-02,2025-03-13
1190,194,163,2025-02-05,2025-03-13
1191,780,176,2025-06-03,2025-05-14
1192,3223,84,2025-02-03,2025-02-16
1193,565,114,2025-04-09,2025-01-02
1194,4904,41,2025-03-05,2025-03-06
1195,2873,149,2025-01-10,2025-02-03
1196,3887,68,2025-03-03,2025-05-10
1197,2773,10,2025-02-17,2025-03-04
1198,3618,61,2025-04-06,2025-02-03
1199,2372,64,2025-05-18,2025-03-02
1200,3891,197,2025-04-16,2025-02-27
1201,3962,69,2025-04-30,2025-01-23
1202,1664,148,2025-01-03,2025-04-18
1203,1006,187,2025-03-15,2025-04-12
1204,2273,178,2025-01-15,2025-02-21
1205,2280,193,2025-01-29,2025-06-04
1206,80,142,2025-05-16,2025-05-08
1207,1515,150,2025-03-13,2025-02-19
1208,1280,154,2025-05-10,2025-05-07
1209,27,158,2025-04-10,2025-04-28
1210,1778,15,2025-06-01,2025-04-15
1211,1926,34,2025-05-04,2025-05-06
1212,2532,36,2025-05-29,2025-02-20
1213,2074,155,2025-03-31,2025-04-04
1214,4977,156,2025-04-30,2025-03-17
1215,3578,2,2025-04-13,2025-04-23
1216,921,31,2025-06-04,2025-03-17
1217,2494,95,2025-04-12,2025-04-04
1218,2918,4,2025-01-27,2025-01-04
1219,4322,17,2025-03-24,2025-05-29
1220,2094,128,2025-02-24,2025-01-30
1221,3882,41,2025-02-15,2025-01-19
1222,3603,185,2025-03-28,2025-02-09
1223,4908,193,2025-02-12,2025-01-08
1224,335,95,2025-05-26,2025-05-31
1225,3642,48,2025-04-28,2025-03-21
1226,3615,159,2025-05-12,2025-01-18
1227,3040,139,2025-04-01,2025-04-20
1228,2301,126,2025-04-24,2025-03-25
1229,855,25,2025-01-12,2025-05-20
1230,1257,166,2025-01-11,2025-02-14
1231,1639,118,2025-03-09,2025-03-09
1232,1652,37,2025-03-14,2025-06-02
1233,454,4,2025-01-26,2025-01-10
1234,2178,92,2025-04-02,2025-04-05
1235,553,7,2025-02-11,2025-03-15
1236,3767,109,2025-03-26,2025-03-27
1237,2548,78,2025-05-14,2025-02-24
1238,2240,113,2025-01-10,2025-02-23
1239,2497,173,2025-04-04,2025-05-04
1240,967,135,2025-03-11,2025-02-11
1241,3966,73,2025-01-29,2025-04-25
1242,2750,77,2025-06-01,2025-02-23
1243,1462,8,2025-03-07,2025-04-09
1244,160,193,2025-04-14,2025-04-09
1245,3542,114,2025-01-30,2025-03-21
1246,189,11,2025-03-26,2025-06-01
1247,1363,117,2025-01-02,2025-01-22
1248,4870,175,2025-04-03,2025-04-12
1249,3659,34,2025-05-02,2025-03-22
1250,3461,104,2025-01-26,2025-04-18
1251,3450,127,2025-02-19,2025-01-31
1252,1219,17,2025-05-14,2025-05-14
1253,2554,166,2025-04-30,2025-03-11
1254,1093,189,2025-04-07,2025-04-30
1255,2368,84,2025-04-03,2025-05-05
1256,380,134,2025-01-01,2025-04-16
1257,2211,53,2025-03-12,2025-03-17
1258,2300,119,2025-03-12,2025-01-21
1259,1569,105,2025-03-02,2025-05-02
1260,2424,192,2025-03-12,2025-04-04
1261,2506,103,2025-02-15,2025-01-09
1262,3146,109,2025-05-24,2025-01-10
1263,1057,131,2025-01-30,2025-03-20
1264,3501,199,2025-01-20,2025-03-25
1265,3859,27,2025-04-15,2025-04-10
1266,78,171,2025-02-13,2025-02-04
1267,3181,92,2025-05-20,2025-02-20
1268,255,100,2025-05-01,2025-01-08
1269,4821,137,2025-02-11,2025-05-07
1270,3695,23,2025-02-25,2025-02-17
1271,4101,20,2025-04-11,2025-05-20
1272,1767,159,2025-04-22,2025-04-07
1273,1791,74,2025-03-06,2025-01-04
1274,2027,109,2025-02-17,2025-01-02
1275,3404,33,2025-01-03,2025-01-10
1276,3181,150,2025-05-31,2025-01-13
1277,1801,134,2025-05-16,2025-02-22
1278,4003,158,2025-04-29,2025-02-03
1279,297,147,2025-05-24,2025-01-21
1280,680,14,2025-01-17,2025-05-01
1281,3016,167,2025-06-01,2025-03-13
1282,1289,118,2025-05-07,2025-03-31
1283,960,188,2025-01-28,2025-01-16
1284,579,76,2025-03-15,2025-05-18
1285,2270,63,2025-03-20,2025-01-08
1286,2799,197,2025-04-05,2025-04-14
1287,4510,96,2025-04-12,2025-02-28
1288,3136,187,2025-01-17,2025-05-19
1289,636,104,2025-02-15,2025-04-16
1290,2420,159,2025-05-08,2025-02-21
1291,3322,146,2025-01-01,2025-02-24
1292,3295,9,2025-02-23,2025-01-21
1293,319,1,2025-02-11,2025-01-25
1294,4770,100,2025-02-14,2025-04-12
1295,4926,193,2025-06-04,2025-01-03
1296,1163,54,2025-02-22,2025-05-02
1297,4270,77,2025-03-30,2025-04-05
1298,910,146,2025-03-27,2025-01-20
1299,1948,93,2025-03-02,2025-03-27
1300,454,179,2025-05-23,2025-01-08
1301,4858,101,2025-02-24,2025-02-06
1302,156,87,2025-04-08,2025-05-28
1303,2408,71,2025-05-16,2025-05-25
1304,3958,66,2025-04-19,2025-03-13
1305,4395,160,2025-05-06,2025-04-14
1306,2290,93,2025-04-21,2025-03-29
1307,379,75,2025-01-06,2025-03-17
1308,4536,23,2025-04-10,2025-02-06
1309,1532,160,2025-05-25,2025-02-25
1310,1025,103,2025-04-11,2025-03-09
1311,2063,123,2025-04-22,2025-05-12
1312,2560,86,2025-01-29,2025-04-27
1313,4942,102,2025-03-04,2025-05-06
1314,4133,66,2025-04-21,2025-03-23
1315,317,62,2025-01-24,2025-02-12
1316,944,61,2025-04-17,2025-05-21
1317,170,80,2025-05-31,2025-03-17
1318,1948,80,2025-04-08,2025-02-27
1319,4046,8,2025-03-13,2025-05-19
1320,2303,77,2025-01-09,2025-03-07
1321,4625,49,2025-05-31,2025-02-08
1322,4254,29,2025-02-18,2025-06-02
1323,2148,35,2025-03-25,2025-04-23
1324,2279,38,2025-02-12,2025-02-11
1325,3147,87,2025-02-26,2025-01-10
1326,3682,77,2025-01-17,2025-01-05
1327,2347,5,2025-03-08,2025-04-05
1328,2113,37,2025-03-09,2025-04-28
1329,2290,15,2025-03-04,2025-03-17
1330,4101,191,2025-02-16,2025-05-01
1331,1921,9,2025-04-03,2025-03-20
1332,2534,124,2025-02-12,2025-04-13
1333,2945,191,2025-04-12,2025-04-11
1334,1555,51,2025-05-15,2025-02-06
1335,1131,110,2025-03-17,2025-05-24
1336,1198,104,2025-02-10,2025-03-27
1337,3168,162,2025-02-03,2025-02-22
1338,889,178,2025-03-29,2025-01-08
1339,3647,135,2025-03-23,2025-05-12
1340,1907,60,2025-01-14,2025-03-03
1341,3326,6,2025-03-02,2025-05-16
1342,2020,58,2025-02-03,2025-02-25
1343,1019,115,2025-01-28,2025-01-21
1344,1307,25,2025-04-30,2025-02-23
1345,653,171,2025-01-03,2025-03-31
1346,1394,10,2025-01-18,2025-06-01
1347,4049,110,2025-02-09,2025-02-16
1348,4876,64,2025-02-05,2025-01-09
1349,3435,141,2025-04-25,2025-05-24
1350,4527,145,2025-05-05,2025-05-02
1351,2617,179,2025-03-03,2025-01-30
1352,4686,111,2025-04-13,2025-03-27
1353,1607,111,2025-03-01,2025-04-15
1354,13,173,2025-06-01,2025-02-03
1355,3332,64,2025-01-26,2025-02-03
1356,3015,37,2025-02-23,2025-02-28
1357,4187,15,2025-04-06,2025-03-12
1358,2805,112,2025-03-17,2025-02-21
1359,235,170,2025-03-15,2025-03-16
1360,4830,35,2025-05-14,2025-04-10
1361,3141,195,2025-03-05,2025-02-15
1362,3232,151,2025-02-14,2025-03-20
1363,4008,170,2025-03-22,2025-06-01
1364,3946,90,2025-05-25,2025-01-09
1365,2931,78,2025-03-03,2025-03-29
1366,1064,70,2025-05-20,2025-06-04
1367,4588,149,2025-05-01,2025-02-19
1368,398,173,2025-02-27,2025-02-13
1369,139,119,2025-05-29,2025-03-26
1370,4676,134,2025-05-11,2025-01-31
1371,3507,85,2025-01-12,2025-05-23
1372,3127,26,2025-02-28,2025-03-27
1373,3859,133,2025-04-03,2025-04-05
1374,4841,79,2025-03-16,2025-04-21
1375,3323,150,2025-03-16,2025-03-12
1376,357,59,2025-05-24,2025-03-18
1377,1401,104,2025-03-10,2025-01-08
1378,3738,35,2025-03-24,2025-05-26
1379,530,191,2025-05-08,2025-01-04
1380,3516,184,2025-05-16,2025-04-01
1381,2218,35,2025-01-02,2025-03-04
1382,2193,57,2025-03-23,2025-03-10
1383,4174,33,2025-05-18,2025-04-13
1384,1478,96,2025-01-22,2025-05-27
1385,4326,182,2025-02-01,2025-03-12
1386,259,112,2025-01-26,2025-03-05
1387,4866,66,2025-05-25,2025-04-25
1388,1198,115,2025-03-06,2025-04-27
1389,1231,109,2025-05-14,2025-01-06
1390,3231,24,2025-01-25,2025-03-01
1391,1464,82,2025-04-15,2025-05-16
1392,87,146,2025-01-27,2025-01-25
1393,4226,119,2025-04-22,2025-01-22
1394,1848,89,2025-03-20,2025-02-24
1395,2832,199,2025-05-04,2025-02-21
1396,2935,99,2025-02-12,2025-02-11
1397,3446,7,2025-02-15,2025-05-10
1398,3757,124,2025-02-27,2025-04-20
1399,4531,91,2025-05-31,2025-02-14
1400,4263,97,2025-01-08,2025-04-22
1401,1515,10,2025-05-01,2025-02-19
1402,4863,43,2025-04-15,2025-05-21
1403,774,58,2025-01-08,2025-05-15
1404,1483,182,2025-04-07,2025-01-29
1405,4895,74,2025-01-12,2025-05-03
1406,3476,176,2025-03-09,2025-03-04
1407,3958,101,2025-01-21,2025-05-18
1408,578,34,2025-02-03,2025-02-22
1409,2302,40,2025-02-15,2025-02-07
1410,2284,75,2025-03-26,2025-03-20
1411,2391,92,2025-04-17,2025-03-18
1412,4056,149,2025-03-02,2025-02-10
1413,2621,183,2025-04-22,2025-02-04
1414,329,166,2025-05-23,2025-03-31
1415,1059,41,2025-02-27,2025-06-01
1416,4509,171,2025-04-27,2025-03-25
1417,2951,52,2025-04-14,2025-04-23
1418,4027,99,2025-02-07,2025-02-02
1419,3805,58,2025-03-01,2025-01-19
1420,3318,62,2025-05-07,2025-04-22
1421,2716,58,2025-05-26,2025-01-06
1422,4182,118,2025-04-09,2025-04-24
1423,3148,146,2025-04-24,2025-01-12
1424,1192,132,2025-03-16,2025-01-22
1425,82,118,2025-04-15,2025-03-15
1426,2888,192,2025-05-17,2025-02-04
1427,4485,149,2025-02-27,2025-01-03
1428,1146,102,2025-04-17,2025-05-11
1429,535,44,2025-01-05,2025-04-16
1430,647,193,2025-05-17,2025-01-22
1431,2700,68,2025-02-07,2025-02-01
1432,2946,191,2025-05-15,2025-05-20
1433,4117,68,2025-03-31,2025-03-07
1434,4753,6,2025-05-09,2025-04-07
1435,4344,176,2025-05-05,2025-05-08
1436,3647,71,2025-01-09,2025-04-13
1437,4051,169,2025-04-14,2025-02-04
1438,1794,147,2025-02-21,2025-01-11
1439,4652,124,2025-05-19,2025-01-22
1440,820,130,2025-03-05,2025-05-04
1441,1904,137,2025-02-21,2025-01-24
1442,3855,31,2025-05-14,2025-04-05
1443,2636,185,2025-06-04,2025-03-24
1444,4502,30,2025-01-18,2025-02-03
1445,2103,86,2025-04-27,2025-04-18
1446,326,189,2025-01-25,2025-05-04
1447,24,113,2025-05-27,2025-03-09
1448,4531,89,2025-04-08,2025-03-14
1449,4540,85,2025-04-23,2025-02-01
1450,1090,117,2025-05-08,2025-02-01
1451,4871,200,2025-01-28,2025-01-18
1452,3448,161,2025-01-13,2025-02-07
1453,1290,149,2025-02-15,2025-05-14
1454,623,6,2025-05-06,2025-03-20
1455,2999,23,2025-01-05,2025-04-07
1456,1403,29,2025-04-12,2025-03-09
1457,2086,63,2025-01-25,2025-02-05
1458,1811,136,2025-03-01,2025-02-21
1459,4642,136,2025-04-17,2025-02-14
1460,3465,194,2025-01-22,2025-05-16
1461,295,197,2025-03-11,2025-03-16
1462,2815,191,2025-05-19,2025-01-02
1463,4201,134,2025-02-01,2025-03-15
1464,3901,80,2025-03-22,2025-03-08
1465,1131,198,2025-03-21,2025-05-10
1466,3034,50,2025-01-30,2025-04-02
1467,3428,49,2025-04-16,2025-01-16
1468,3935,187,2025-03-26,2025-02-24
1469,4463,92,2025-04-26,2025-05-05
1470,66,75,2025-03-10,2025-03-05
1471,3057,145,2025-04-30,2025-04-18
1472,2164,147,2025-01-22,2025-02-01
1473,4622,118,2025-04-18,2025-02-03
1474,3146,149,2025-01-18,2025-01-04
1475,4812,99,2025-05-07,2025-04-12
1476,817,104,2025-02-12,2025-02-02
1477,868,30,2025-04-24,2025-02-04
1478,1265,100,2025-04-08,2025-06-04
1479,1823,121,2025-01-14,2025-01-04
1480,2438,154,2025-05-08,2025-02-21
1481,3681,89,2025-05-25,2025-01-23
1482,2412,166,2025-02-13,2025-01-21
1483,601,108,2025-03-30,2025-04-23
1484,2766,59,2025-05-16,2025-05-13
1485,4048,161,2025-05-26,2025-01-03
1486,2341,162,2025-04-18,2025-05-18
1487,4511,196,2025-01-08,2025-01-16
1488,3586,142,2025-03-14,2025-06-02
1489,1688,160,2025-05-30,2025-03-02
1490,1835,135,2025-04-16,2025-03-09
1491,4907,28,2025-02-26,2025-02-20
1492,2269,33,2025-02-18,2025-04-28
1493,792,86,2025-03-07,2025-05-02
1494,708,129,2025-02-25,2025-02-26
1495,2150,126,2025-04-09,2025-04-15
1496,2389,32,2025-05-09,2025-04-08
1497,2503,18,2025-01-02,2025-04-16
1498,3400,29,2025-02-27,2025-05-24
1499,2450,128,2025-03-27,2025-02-05
1500,3753,159,2025-02-27,2025-04-17
1501,2388,175,2025-01-15,2025-05-01
1502,1949,93,2025-04-25,2025-05-19
1503,741,89,2025-02-09,2025-03-05
1504,823,121,2025-06-03,2025-03-12
1505,3717,150,2025-02-16,2025-04-18
1506,3330,34,2025-04-22,2025-03-03
1507,2910,199,2025-05-03,2025-01-29
1508,1807,146,2025-03-23,2025-03-15
1509,1484,102,2025-01-16,2025-06-01
1510,1686,37,2025-05-13,2025-03-15
1511,642,18,2025-05-18,2025-05-22
1512,4891,45,2025-04-17,2025-05-11
1513,2896,4,2025-03-10,2025-05-23
1514,4223,127,2025-03-21,2025-02-05
1515,1005,185,2025-02-10,2025-05-19
1516,343,21,2025-03-16,2025-02-19
1517,12,85,2025-05-31,2025-04-06
1518,545,143,2025-02-17,2025-04-30
1519,1097,154,2025-01-20,2025-04-23
1520,4481,185,2025-04-19,2025-02-08
1521,1797,162,2025-04-11,2025-05-25
1522,3339,100,2025-04-28,2025-05-23
1523,32,7,2025-02-09,2025-05-14
1524,997,127,2025-03-05,2025-03-05
1525,1406,92,2025-01-07,2025-03-06
1526,1348,30,2025-01-25,2025-04-20
1527,4327,98,2025-05-31,2025-04-24
1528,1078,108,2025-01-03,2025-05-31
1529,4333,24,2025-03-08,2025-03-03
1530,1368,5,2025-04-18,2025-02-08
1531,1317,38,2025-03-23,2025-01-26
1532,1727,135,2025-05-24,2025-04-11
1533,2280,39,2025-02-02,2025-03-22
1534,2081,94,2025-03-15,2025-02-14
1535,1254,32,2025-01-04,2025-04-12
1536,4716,29,2025-05-06,2025-04-14
1537,3608,80,2025-01-15,2025-04-07
1538,1838,66,2025-01-22,2025-05-14
1539,3792,33,2025-03-05,2025-04-02
1540,4723,191,2025-03-31,2025-04-17
1541,3926,124,2025-01-26,2025-05-24
1542,227,31,2025-05-08,2025-02-20
1543,583,119,2025-04-01,2025-03-01
1544,3492,122,2025-03-26,2025-02-10
1545,917,55,2025-01-08,2025-01-27
1546,2775,139,2025-03-19,2025-04-30
1547,3765,166,2025-04-18,2025-05-22
1548,4093,126,2025-02-21,2025-04-12
1549,1193,185,2025-06-01,2025-02-08
1550,911,41,2025-04-15,2025-01-26
1551,1173,192,2025-01-26,2025-05-13
1552,650,31,2025-01-10,2025-01-30
1553,4878,3,2025-05-13,2025-01-07
1554,2851,143,2025-01-10,2025-06-02
1555,2440,156,2025-01-17,2025-01-25
1556,1102,22,2025-04-09,2025-03-23
1557,1566,82,2025-02-24,2025-02-05
1558,2490,30,2025-02-06,2025-05-29
1559,972,87,2025-01-11,2025-05-11
1560,3474,136,2025-03-08,2025-03-11
1561,2255,120,2025-01-29,2025-03-14
1562,973,193,2025-04-23,2025-01-13
1563,1835,41,2025-01-10,2025-01-15
1564,4920,172,2025-03-30,2025-03-14
1565,4306,59,2025-02-07,2025-05-16
1566,314,134,2025-01-16,2025-02-18
1567,2049,99,2025-02-27,2025-01-03
1568,2032,56,2025-02-25,2025-02-18
1569,4933,122,2025-03-19,2025-02-19
1570,3220,131,2025-05-01,2025-04-04
1571,4675,112,2025-03-13,2025-01-14
1572,1586,124,2025-03-14,2025-04-15
1573,1044,90,2025-03-22,2025-02-21
1574,140,61,2025-05-18,2025-04-08
1575,2492,63,2025-02-10,2025-05-27
1576,4491,197,2025-02-01,2025-04-04
1577,2712,10,2025-03-14,2025-03-11
1578,3350,17,2025-02-06,2025-04-21
1579,3699,48,2025-06-02,2025-05-29
1580,1701,7,2025-02-28,2025-05-01
1581,1602,124,2025-01-30,2025-01-08
1582,4305,42,2025-05-11,2025-01-12
1583,1878,151,2025-01-06,2025-05-03
1584,3880,65,2025-03-11,2025-01-06
1585,1683,175,2025-02-03,2025-05-16
1586,3045,34,2025-02-17,2025-03-10
1587,4786,125,2025-06-02,2025-05-22
1588,3405,150,2025-05-22,2025-01-26
1589,2777,37,2025-01-23,2025-01-01
1590,4809,127,2025-05-18,2025-01-04
1591,2423,156,2025-04-29,2025-02-14
1592,1892,15,2025-02-02,2025-01-24
1593,2923,34,2025-01-21,2025-01-13
1594,2538,134,2025-06-03,2025-04-14
1595,3257,35,2025-02-08,2025-02-26
1596,1243,59,2025-05-13,2025-01-27
1597,118,88,2025-02-26,2025-05-07
1598,3511,96,2025-05-15,2025-05-11
1599,3928,199,2025-02-20,2025-03-13
1600,2210,186,2025-01-13,2025-05-18
1601,3765,93,2025-05-17,2025-05-18
1602,1716,10,2025-01-07,2025-03-13
1603,108,96,2025-05-26,2025-02-23
1604,4552,75,2025-02-21,2025-01-03
1605,2770,60,2025-01-27,2025-01-15
1606,660,89,2025-04-15,2025-05-24
1607,2793,180,2025-03-13,2025-04-22
1608,588,153,2025-01-13,2025-04-20
1609,2490,39,2025-01-09,2025-03-03
1610,4473,163,2025-05-31,2025-01-21
1611,3528,113,2025-02-14,2025-04-05
1612,1511,108,2025-03-04,2025-04-05
1613,1396,119,2025-03-08,2025-01-05
1614,3355,172,2025-02-18,2025-03-11
1615,3464,87,2025-03-02,2025-02-19
1616,4736,138,2025-01-07,2025-03-12
1617,3854,164,2025-05-23,2025-02-10
1618,102,5,2025-05-14,2025-04-02
1619,1085,26,2025-02-03,2025-01-08
1620,2454,106,2025-05-17,2025-03-14
1621,76,127,2025-01-21,2025-01-07
1622,4183,186,2025-04-28,2025-04-17
1623,3205,176,2025-03-13,2025-03-16
1624,3941,170,2025-01-05,2025-02-22
1625,1338,31,2025-04-24,2025-03-02
1626,1850,177,2025-04-02,2025-02-16
1627,4165,107,2025-02-09,2025-05-13
1628,879,106,2025-04-09,2025-02-12
1629,2283,38,2025-02-20,2025-05-07
1630,3294,89,2025-01-15,2025-03-23
1631,3733,129,2025-03-05,2025-04-26
1632,3251,30,2025-05-27,2025-05-22
1633,1533,43,2025-03-26,2025-03-03
1634,3015,112,2025-03-13,2025-03-21
1635,360,82,2025-04-01,2025-04-17
1636,2144,112,2025-03-19,2025-05-23
1637,4188,147,2025-02-16,2025-03-04
1638,854,20,2025-04-26,2025-01-25
1639,4787,77,2025-04-02,2025-04-26
1640,813,40,2025-04-07,2025-03-19
1641,2964,23,2025-03-31,2025-02-01
1642,359,138,2025-04-29,2025-05-17
1643,2602,179,2025-02-04,2025-05-21
1644,4888,56,2025-04-07,2025-03-27
1645,2788,59,2025-02-05,2025-03-03
1646,1549,60,2025-04-17,2025-03-29
1647,4711,117,2025-05-31,2025-03-21
1648,140,8,2025-05-18,2025-01-10
1649,131,99,2025-05-31,2025-04-18
1650,3341,50,2025-01-15,2025-06-02
1651,3200,106,2025-05-27,2025-03-29
1652,509,30,2025-02-23,2025-02-23
1653,670,111,2025-04-01,2025-05-31
1654,2933,118,2025-04-19,2025-06-01
1655,2619,45,2025-03-27,2025-05-26
1656,2803,197,2025-04-24,2025-01-01
1657,4162,151,2025-02-21,2025-05-26
1658,1222,144,2025-04-20,2025-04-21
1659,85,142,2025-01-21,2025-02-09
1660,3362,66,2025-04-05,2025-01-23
1661,4599,157,2025-01-24,2025-05-27
1662,1698,113,2025-02-21,2025-04-11
1663,3143,117,2025-04-28,2025-01-15
1664,1802,64,2025-05-20,2025-05-17
1665,3888,102,2025-01-20,2025-02-14
1666,2083,54,2025-05-31,2025-05-30
1667,2785,197,2025-02-02,2025-03-05
1668,3103,78,2025-02-02,2025-04-25
1669,1069,47,2025-01-10,2025-04-08
1670,4809,36,2025-01-29,2025-03-06
1671,1191,158,2025-01-05,2025-02-03
1672,2940,72,2025-03-31,2025-01-02
1673,1236,164,2025-03-28,2025-01-28
1674,817,132,2025-04-03,2025-05-29
1675,4650,128,2025-05-22,2025-04-08
1676,1779,36,2025-04-08,2025-02-23
1677,2904,37,2025-01-25,2025-02-17
1678,4110,90,2025-05-11,2025-05-10
1679,4993,180,2025-02-08,2025-01-19
1680,4215,69,2025-01-02,2025-04-22
1681,4988,146,2025-06-03,2025-03-13
1682,4293,41,2025-01-16,2025-01-12
1683,795,59,2025-04-07,2025-03-04
1684,1671,11,2025-02-11,2025-03-03
1685,3494,6,2025-04-13,2025-01-31
1686,1055,31,2025-05-24,2025-02-05
1687,510,72,2025-04-26,2025-01-17
1688,770,71,2025-05-15,2025-02-02
1689,1913,138,2025-05-24,2025-02-18
1690,4827,154,2025-04-27,2025-01-30
1691,3345,183,2025-01-26,2025-03-26
1692,2708,28,2025-04-14,2025-03-04
1693,4957,33,2025-02-27,2025-05-02
1694,1927,171,2025-05-03,2025-04-15
1695,847,92,2025-03-01,2025-05-28
1696,2027,137,2025-01-12,2025-05-12
1697,1263,185,2025-04-09,2025-01-05
1698,1956,60,2025-05-12,2025-01-05
1699,300,34,2025-04-17,2025-01-26
1700,4472,76,2025-01-18,2025-03-02
1701,1076,94,2025-01-04,2025-05-11
1702,3436,191,2025-04-15,2025-04-30
1703,4861,148,2025-01-22,2025-03-10
1704,641,197,2025-01-26,2025-01-10
1705,4710,11,2025-05-26,2025-05-30
1706,683,80,2025-05-24,2025-01-22
1707,2448,198,2025-03-06,2025-02-05
1708,4578,91,2025-05-05,2025-01-28
1709,923,147,2025-02-17,2025-01-22
1710,130,47,2025-03-13,2025-03-09
1711,2942,181,2025-05-14,2025-01-29
1712,4158,132,2025-05-14,2025-01-28
1713,2960,2,2025-05-05,2025-02-03
1714,1593,50,2025-02-27,2025-04-27
1715,1675,100,2025-03-02,2025-05-22
1716,2472,39,2025-01-23,2025-02-04
1717,4373,123,2025-02-09,2025-01-17
1718,3534,63,2025-03-19,2025-05-02
1719,255,148,2025-03-25,2025-05-01
1720,2019,60,2025-01-22,2025-04-28
1721,3521,67,2025-05-09,2025-03-27
1722,1340,25,2025-04-03,2025-06-01
1723,2245,42,2025-02-07,2025-01-12
1724,2227,20,2025-03-12,2025-02-19
1725,3147,92,2025-02-07,2025-03-31
1726,990,105,2025-05-06,2025-03-22
1727,2375,78,2025-01-18,2025-01-19
1728,2027,131,2025-01-23,2025-01-26
1729,4264,45,2025-04-23,2025-04-14
1730,4421,45,2025-02-24,2025-02-03
1731,4609,2,2025-01-20,2025-03-16
1732,150,153,2025-05-15,2025-04-03
1733,2241,176,2025-01-15,2025-06-03
1734,780,57,2025-05-03,2025-01-07
1735,2014,79,2025-03-27,2025-01-12
1736,1856,69,2025-01-03,2025-03-13
1737,1744,200,2025-02-22,2025-02-21
1738,1523,96,2025-02-28,2025-03-10
1739,3996,100,2025-03-29,2025-04-07
1740,1834,198,2025-02-23,2025-04-28
1741,4552,60,2025-04-10,2025-01-03
1742,300,77,2025-04-19,2025-05-05
1743,3641,129,2025-06-04,2025-03-23
1744,3050,98,2025-05-13,2025-01-16
1745,1656,112,2025-06-04,2025-02-10
1746,2584,60,2025-01-06,2025-04-27
1747,4738,82,2025-05-27,2025-02-18
1748,3792,35,2025-04-25,2025-01-16
1749,784,57,2025-02-02,2025-01-06
1750,754,54,2025-04-22,2025-04-03
1751,4847,68,2025-03-05,2025-02-27
1752,656,150,2025-02-16,2025-03-12
1753,2969,79,2025-05-29,2025-03-09
1754,2035,74,2025-02-22,2025-04-11
1755,3879,38,2025-05-28,2025-02-16
1756,4777,172,2025-02-05,2025-04-29
1757,841,37,2025-05-11,2025-01-11
1758,503,180,2025-04-21,2025-01-12
1759,743,192,2025-02-20,2025-02-26
1760,749,75,2025-05-03,2025-05-11
1761,2183,110,2025-02-11,2025-02-03
1762,508,23,2025-01-03,2025-04-26
1763,413,36,2025-01-05,2025-02-17
1764,747,73,2025-05-28,2025-02-01
1765,4732,48,2025-01-20,2025-03-15
1766,2077,7,2025-04-23,2025-01-31
1767,144,79,2025-05-11,2025-05-23
1768,52,6,2025-02-17,2025-06-01
1769,2814,45,2025-04-07,2025-03-23
1770,170,140,2025-03-12,2025-03-16
1771,1043,195,2025-02-10,2025-03-16
1772,2782,172,2025-04-11,2025-01-23
1773,1234,55,2025-05-27,2025-01-27
1774,147,8,2025-04-15,2025-04-30
1775,2554,173,2025-05-28,2025-02-06
1776,3354,99,2025-06-03,2025-02-27
1777,3508,180,2025-01-03,2025-05-10
1778,2764,171,2025-05-08,2025-02-08
1779,1435,20,2025-04-24,2025-03-24
1780,67,15,2025-04-23,2025-04-05
1781,1853,194,2025-04-20,2025-03-24
1782,3740,122,2025-01-21,2025-02-19
1783,3714,43,2025-03-09,2025-04-23
1784,3476,9,2025-01-06,2025-05-11
1785,796,144,2025-01-02,2025-05-13
1786,4361,199,2025-04-08,2025-04-28
1787,4490,90,2025-03-27,2025-01-15
1788,3805,179,2025-03-03,2025-04-21
1789,735,71,2025-03-16,2025-04-27
1790,3768,77,2025-05-25,2025-03-26
1791,4655,155,2025-03-21,2025-03-29
1792,4709,20,2025-02-02,2025-04-02
1793,4518,37,2025-06-03,2025-03-07
1794,2535,87,2025-05-04,2025-04-23
1795,2190,193,2025-02-20,2025-02-26
1796,2411,195,2025-02-28,2025-04-26
1797,3264,13,2025-02-22,2025-06-02
1798,1176,126,2025-01-11,2025-02-13
1799,1191,66,2025-02-20,2025-05-25
1800,3421,47,2025-04-07,2025-02-10
1801,2952,188,2025-03-14,2025-01-23
1802,251,18,2025-02-11,2025-02-19
1803,1009,92,2025-03-16,2025-03-04
1804,4782,139,2025-05-31,2025-04-24
1805,1479,2,2025-05-21,2025-03-04
1806,675,161,2025-02-27,2025-05-23
1807,2961,151,2025-05-18,2025-04-19
1808,3480,128,2025-03-28,2025-04-27
1809,1247,79,2025-04-09,2025-05-07
1810,4244,110,2025-04-05,2025-01-16
1811,2134,73,2025-04-24,2025-05-29
1812,416,167,2025-05-12,2025-01-27
1813,2042,14,2025-01-30,2025-03-18
1814,1102,82,2025-02-24,2025-02-28
1815,1862,53,2025-04-19,2025-03-31
1816,3063,199,2025-05-16,2025-02-16
1817,2603,174,2025-04-17,2025-01-25
1818,954,91,2025-05-18,2025-03-09
1819,950,136,2025-04-16,2025-01-20
1820,3776,86,2025-05-02,2025-05-11
1821,4221,196,2025-02-23,2025-05-29
1822,2460,98,2025-05-10,2025-01-12
1823,4292,174,2025-03-20,2025-05-26
1824,1125,180,2025-04-21,2025-04-18
1825,1291,175,2025-02-04,2025-01-27
1826,2026,151,2025-04-03,2025-03-19
1827,3784,85,2025-05-13,2025-02-11
1828,2895,68,2025-03-05,2025-05-14
1829,4001,137,2025-03-05,2025-05-22
1830,1296,102,2025-05-16,2025-02-02
1831,1819,64,2025-01-28,2025-05-10
1832,1885,83,2025-02-10,2025-05-05
1833,3236,131,2025-05-31,2025-01-05
1834,2669,24,2025-01-20,2025-01-04
1835,1040,15,2025-01-17,2025-02-09
1836,2579,167,2025-05-11,2025-03-01
1837,1188,47,2025-04-05,2025-02-24
1838,2330,108,2025-04-26,2025-01-05
1839,4880,22,2025-02-20,2025-05-03
1840,2668,137,2025-02-15,2025-04-14
1841,373,137,2025-03-29,2025-05-20
1842,282,39,2025-02-23,2025-05-08
1843,410,170,2025-04-18,2025-05-28
1844,690,90,2025-06-02,2025-05-18
1845,251,184,2025-03-25,2025-01-21
1846,3853,90,2025-04-08,2025-01-17
1847,100,134,2025-05-21,2025-03-10
1848,1808,41,2025-02-14,2025-01-16
1849,1481,130,2025-02-09,2025-02-14
1850,1326,71,2025-01-27,2025-03-21
1851,3575,114,2025-02-13,2025-05-11
1852,412,156,2025-02-26,2025-02-01
1853,2351,5,2025-05-31,2025-01-23
1854,4873,145,2025-03-02,2025-05-18
1855,1031,176,2025-03-20,2025-04-25
1856,2607,91,2025-02-16,2025-05-08
1857,4336,200,2025-02-18,2025-03-13
1858,3085,189,2025-05-31,2025-02-03
1859,4886,122,2025-01-18,2025-05-16
1860,3728,140,2025-05-18,2025-04-03
1861,1094,184,2025-04-16,2025-01-30
1862,3267,28,2025-01-17,2025-01-07
1863,2727,125,2025-06-03,2025-05-10
1864,4908,125,2025-01-04,2025-01-17
1865,4038,23,2025-03-01,2025-04-23
1866,2103,61,2025-03-22,2025-01-04
1867,3175,45,2025-03-16,2025-05-25
1868,3094,112,2025-04-08,2025-05-06
1869,812,92,2025-06-02,2025-02-06
1870,3564,8,2025-04-07,2025-01-19
1871,1004,155,2025-01-28,2025-02-11
1872,3074,85,2025-03-03,2025-01-04
1873,2032,192,2025-03-07,2025-01-19
1874,3769,122,2025-04-11,2025-01-31
1875,4622,25,2025-02-16,2025-04-15
1876,354,112,2025-02-06,2025-02-01
1877,899,168,2025-02-09,2025-02-09
1878,3249,53,2025-02-15,2025-05-24
1879,4166,109,2025-02-28,2025-04-06
1880,4834,35,2025-04-18,2025-05-17
1881,214,184,2025-01-19,2025-01-30
1882,1104,123,2025-03-20,2025-03-11
1883,1110,132,2025-02-13,2025-02-04
1884,2504,65,2025-05-11,2025-02-26
1885,3214,116,2025-05-24,2025-05-03
1886,108,184,2025-04-05,2025-03-22
1887,2794,75,2025-04-18,2025-01-16
1888,2810,192,2025-04-28,2025-04-19
1889,4089,12,2025-03-31,2025-01-22
1890,948,15,2025-01-17,2025-03-25
1891,1013,183,2025-03-13,2025-01-19
1892,3503,83,2025-05-15,2025-05-09
1893,3974,127,2025-05-12,2025-04-10
1894,2500,184,2025-02-14,2025-04-26
1895,3860,157,2025-03-13,2025-02-03
1896,4736,6,2025-02-05,2025-03-04
1897,3244,145,2025-01-13,2025-04-24
1898,3494,197,2025-04-19,2025-01-14
1899,3084,173,2025-01-01,2025-01-09
1900,4003,2,2025-01-24,2025-02-10
1901,4415,196,2025-03-25,2025-04-11
1902,3142,138,2025-01-30,2025-02-14
1903,3306,61,2025-05-12,2025-02-28
1904,4032,27,2025-01-31,2025-04-14
1905,2249,187,2025-05-20,2025-01-12
1906,4067,43,2025-04-01,2025-03-27
1907,2772,7,2025-05-14,2025-05-09
1908,2486,118,2025-04-06,2025-03-05
1909,265,174,2025-01-09,2025-03-17
1910,3860,136,2025-03-09,2025-01-19
1911,1980,89,2025-04-11,2025-04-28
1912,147,125,2025-03-08,2025-02-19
1913,3832,127,2025-02-01,2025-05-25
1914,3554,186,2025-05-12,2025-01-01
1915,1954,141,2025-06-03,2025-04-26
1916,1686,59,2025-02-08,2025-05-12
1917,1900,120,2025-04-02,2025-05-04
1918,4509,189,2025-01-23,2025-03-26
1919,4245,73,2025-02-25,2025-01-25
1920,1616,26,2025-02-11,2025-03-04
1921,3146,160,2025-05-26,2025-04-18
1922,130,11,2025-03-17,2025-03-30
1923,1856,164,2025-05-17,2025-03-19
1924,2140,44,2025-02-12,2025-06-04
1925,4309,88,2025-01-10,2025-02-06
1926,2504,124,2025-05-23,2025-05-18
1927,3539,43,2025-06-01,2025-04-21
1928,408,76,2025-02-22,2025-03-05
1929,3689,33,2025-05-27,2025-02-03
1930,289,101,2025-01-08,2025-04-09
1931,2172,199,2025-04-29,2025-03-16
1932,2321,80,2025-06-02,2025-01-06
1933,3181,160,2025-05-18,2025-05-21
1934,390,159,2025-04-02,2025-02-05
1935,3722,158,2025-01-10,2025-03-06
1936,3071,81,2025-03-10,2025-02-07
1937,1428,127,2025-04-13,2025-06-01
1938,514,86,2025-03-12,2025-01-23
1939,2905,104,2025-03-19,2025-05-20
1940,242,56,2025-04-15,2025-04-13
1941,778,106,2025-02-15,2025-02-02
1942,3163,57,2025-04-09,2025-02-16
1943,3882,154,2025-03-27,2025-02-02
1944,1294,83,2025-01-29,2025-05-13
1945,686,183,2025-04-28,2025-02-27
1946,3581,89,2025-01-19,2025-04-30
1947,1119,127,2025-03-30,2025-02-22
1948,2081,14,2025-05-18,2025-03-10
1949,4877,30,2025-02-23,2025-04-11
1950,4371,128,2025-05-26,2025-01-06
1951,194,87,2025-04-28,2025-05-21
1952,1055,75,2025-04-17,2025-01-26
1953,3865,108,2025-04-18,2025-03-15
1954,2130,178,2025-04-14,2025-03-05
1955,2605,101,2025-04-24,2025-03-13
1956,4084,140,2025-01-11,2025-02-09
1957,3050,30,2025-03-30,2025-05-23
1958,4483,139,2025-06-02,2025-01-12
1959,1611,57,2025-01-08,2025-02-25
1960,1079,97,2025-02-17,2025-02-15
1961,3161,136,2025-02-21,2025-04-01
1962,3211,132,2025-04-16,2025-03-11
1963,4591,65,2025-03-03,2025-04-20
1964,274,193,2025-03-14,2025-01-28
1965,213,17,2025-04-09,2025-02-21
1966,3296,153,2025-03-28,2025-05-06
1967,3874,144,2025-03-07,2025-04-11
1968,2598,169,2025-04-01,2025-02-08
1969,3007,141,2025-02-09,2025-02-26
1970,1088,161,2025-05-15,2025-01-01
1971,1669,197,2025-01-01,2025-02-12
1972,227,123,2025-04-15,2025-04-30
1973,4248,138,2025-03-05,2025-01-10
1974,4795,158,2025-04-11,2025-05-02
1975,4503,1,2025-01-08,2025-02-17
1976,2875,129,2025-02-06,2025-05-30
1977,4399,58,2025-03-14,2025-04-10
1978,1938,80,2025-02-01,2025-03-07
1979,1677,146,2025-01-09,2025-05-08
1980,4124,33,2025-06-03,2025-05-14
1981,4227,50,2025-01-17,2025-04-12
1982,1000,198,2025-05-19,2025-01-19
1983,3500,125,2025-04-15,2025-06-03
1984,3914,175,2025-03-16,2025-05-22
1985,563,44,2025-02-07,2025-03-15
1986,2420,67,2025-02-06,2025-04-23
1987,2452,135,2025-03-20,2025-01-06
1988,4898,117,2025-05-19,2025-01-19
1989,1511,110,2025-03-21,2025-03-04
1990,2730,19,2025-01-08,2025-01-27
1991,2745,154,2025-04-11,2025-04-06
1992,4526,79,2025-02-19,2025-03-17
1993,1038,66,2025-01-16,2025-01-29
1994,3998,32,2025-01-06,2025-03-29
1995,1265,46,2025-05-25,2025-03-08
1996,4140,42,2025-03-15,2025-01-25
1997,2669,135,2025-02-02,2025-04-03
1998,3867,117,2025-06-03,2025-03-04
1999,2395,104,2025-03-08,2025-01-02
2000,4798,162,2025-02-25,2025-02-15
