id,pedido_id,produto_id,quantidade
1,4956,830,2
2,4299,215,4
3,2406,521,4
4,1994,997,1
5,1570,773,5
6,4527,235,3
7,1766,873,5
8,3751,554,3
9,2551,671,2
10,741,956,3
11,4601,269,3
12,3278,114,4
13,3821,618,4
14,3001,579,5
15,4213,74,4
16,4996,268,1
17,2139,45,3
18,4280,104,1
19,1852,461,2
20,3142,208,3
21,3836,268,3
22,1095,499,2
23,2361,791,2
24,191,611,3
25,3102,729,5
26,1070,40,5
27,3179,402,5
28,155,199,3
29,2865,952,4
30,3148,804,3
31,2240,229,4
32,2641,810,3
33,4727,324,2
34,118,5,3
35,1384,36,1
36,3114,585,2
37,1373,608,4
38,942,648,3
39,1565,276,2
40,2930,214,5
41,1068,237,5
42,488,702,2
43,3114,962,1
44,2159,825,5
45,3661,493,3
46,3055,878,4
47,3899,563,1
48,2520,814,5
49,814,258,1
50,954,548,1
51,395,899,5
52,530,476,3
53,3926,538,3
54,3871,297,4
55,4713,335,1
56,3417,405,1
57,1116,746,4
58,4769,209,3
59,4460,596,3
60,1554,495,3
61,2859,709,5
62,4005,425,2
63,4580,866,5
64,816,701,5
65,3341,481,1
66,4729,205,3
67,4944,419,2
68,969,1000,4
69,4713,663,2
70,3770,625,5
71,1852,595,3
72,151,705,3
73,3344,395,3
74,2559,4,2
75,2129,410,2
76,563,367,1
77,1118,450,3
78,25,535,5
79,668,59,3
80,3137,918,4
81,3119,845,5
82,3598,656,2
83,954,941,1
84,4955,427,3
85,1725,572,3
86,2947,835,5
87,2635,583,4
88,4193,957,2
89,402,468,3
90,1826,331,2
91,3921,330,5
92,3958,43,3
93,4785,503,3
94,2051,628,3
95,3642,587,3
96,4358,541,1
97,760,576,2
98,2072,589,4
99,2235,91,1
100,1476,204,3
101,1468,222,5
102,2100,850,4
103,1583,535,1
104,2128,479,1
105,4303,682,3
106,1416,145,5
107,3733,652,2
108,2020,710,4
109,182,188,2
110,2062,116,1
111,4519,286,4
112,222,803,1
113,284,192,2
114,1601,64,3
115,4106,497,4
116,159,671,5
117,901,732,5
118,2926,601,2
119,1281,633,2
120,639,65,4
121,3037,45,3
122,1298,434,2
123,1662,193,4
124,4331,317,5
125,4089,941,1
126,4070,836,5
127,3184,573,3
128,3429,202,5
129,2374,963,5
130,647,896,4
131,2476,20,1
132,846,17,1
133,1203,641,1
134,2425,181,1
135,1825,522,2
136,3741,707,1
137,3000,845,3
138,3793,254,5
139,2899,959,4
140,2675,490,1
141,1956,580,1
142,3743,43,2
143,2131,735,1
144,3220,966,3
145,4254,415,3
146,4688,384,1
147,4595,688,5
148,4686,33,1
149,1812,659,4
150,56,430,5
151,1687,236,3
152,2932,46,3
153,987,30,3
154,1365,654,5
155,1753,335,3
156,262,253,5
157,2018,762,5
158,4084,116,5
159,3812,285,5
160,2678,259,5
161,4884,251,1
162,3758,774,3
163,3432,476,2
164,3971,805,5
165,858,246,3
166,4247,342,3
167,4850,906,4
168,2771,720,5
169,4415,70,5
170,4401,307,2
171,3001,741,2
172,4058,650,2
173,2294,86,2
174,2669,96,3
175,4413,44,1
176,3803,77,1
177,2880,654,5
178,300,815,4
179,4428,539,3
180,251,483,2
181,685,890,5
182,128,198,3
183,3060,765,2
184,4306,149,4
185,294,460,1
186,4661,469,5
187,2662,978,1
188,1399,739,3
189,1391,537,2
190,2013,634,4
191,1201,204,3
192,4992,477,1
193,1379,978,3
194,3374,982,1
195,1021,595,4
196,3019,480,5
197,4887,335,1
198,2931,660,1
199,3738,859,3
200,2426,659,5
201,1115,856,3
202,971,423,1
203,4195,93,5
204,1437,111,2
205,1482,648,2
206,4848,417,3
207,2512,740,1
208,3734,64,2
209,3739,474,1
210,729,141,5
211,3021,585,4
212,2304,164,5
213,4129,57,3
214,2633,312,2
215,2394,798,2
216,4477,723,3
217,1285,234,4
218,248,461,2
219,2069,791,4
220,246,581,5
221,3346,76,2
222,3210,95,1
223,1621,670,4
224,2150,149,3
225,4096,945,2
226,3269,208,3
227,3265,910,5
228,1622,28,1
229,3811,374,2
230,3255,446,1
231,759,972,3
232,4403,208,5
233,1758,382,4
234,1826,976,4
235,600,197,3
236,2998,396,4
237,1979,530,2
238,4219,101,4
239,3513,320,5
240,2910,453,5
241,4532,236,3
242,2990,376,2
243,646,365,5
244,1045,997,1
245,2106,207,1
246,433,431,5
247,2872,876,5
248,3450,178,5
249,1357,277,1
250,1991,518,4
251,89,415,1
252,4564,242,2
253,3181,976,4
254,2019,174,3
255,1263,145,3
256,1406,394,5
257,2822,358,3
258,3245,162,4
259,3191,131,4
260,2758,645,2
261,4867,894,1
262,313,459,3
263,1928,923,1
264,83,614,4
265,4063,234,2
266,1071,972,5
267,1567,680,3
268,4569,51,4
269,412,739,5
270,4307,657,4
271,3366,242,1
272,2835,629,3
273,2042,618,2
274,4511,854,4
275,685,950,1
276,449,172,5
277,4505,328,5
278,3954,441,4
279,1165,72,3
280,2269,736,4
281,1236,988,5
282,1115,618,5
283,2782,689,3
284,4527,398,5
285,3912,325,4
286,4431,592,4
287,1418,457,4
288,4812,847,1
289,3337,639,2
290,4976,990,1
291,1610,661,2
292,1167,253,5
293,3762,527,3
294,1508,787,2
295,4864,779,4
296,3147,331,2
297,4169,418,5
298,780,198,3
299,2072,590,5
300,3143,731,1
301,1676,50,4
302,2767,316,3
303,1235,443,3
304,3364,564,2
305,1496,908,4
306,454,477,2
307,2542,778,5
308,2449,133,2
309,898,409,2
310,582,792,4
311,2298,755,2
312,2446,555,5
313,4190,392,2
314,136,482,5
315,4689,433,1
316,3691,165,5
317,4211,145,4
318,3335,807,1
319,4413,689,1
320,2351,344,3
321,2585,775,1
322,2016,266,3
323,2090,164,2
324,4780,234,2
325,2382,654,4
326,3363,458,2
327,418,724,3
328,396,343,1
329,1676,633,1
330,1278,307,1
331,2026,531,5
332,45,695,1
333,506,162,1
334,3983,616,2
335,1143,304,3
336,1548,963,3
337,4154,97,5
338,2848,42,3
339,4939,90,1
340,2695,303,3
341,3927,900,2
342,1486,513,3
343,3670,761,1
344,609,474,3
345,2374,960,2
346,2473,348,1
347,2466,855,3
348,2760,394,1
349,1363,168,5
350,3078,46,3
351,453,429,3
352,1723,443,3
353,1698,169,4
354,1989,323,4
355,391,2,2
356,3367,483,2
357,2776,671,2
358,2692,732,3
359,4651,981,3
360,3082,885,3
361,1280,120,5
362,3484,18,4
363,2517,516,1
364,559,925,5
365,4811,245,2
366,2700,722,5
367,3032,593,5
368,4898,714,1
369,3570,465,1
370,1323,467,1
371,1863,662,5
372,1971,519,2
373,3993,379,1
374,2276,613,2
375,3881,690,1
376,4677,664,5
377,949,866,5
378,4421,550,4
379,1159,539,3
380,4148,539,3
381,4632,567,4
382,980,852,2
383,2887,486,2
384,3339,456,5
385,374,721,5
386,274,183,4
387,1361,524,5
388,3370,169,4
389,521,283,2
390,1194,685,2
391,3736,187,4
392,1836,42,2
393,279,279,1
394,4534,51,3
395,4591,199,4
396,4244,215,1
397,2889,290,2
398,1937,174,1
399,3380,364,5
400,3766,317,3
401,1205,803,1
402,4728,913,1
403,4375,631,1
404,3461,381,4
405,456,870,4
406,2398,408,2
407,1541,462,1
408,864,709,2
409,4532,289,4
410,4788,944,3
411,3653,929,3
412,577,695,2
413,4674,782,5
414,4447,386,4
415,2718,999,3
416,3219,141,4
417,3753,403,3
418,2010,680,3
419,1614,724,1
420,1348,881,1
421,2937,897,4
422,4515,156,2
423,4378,654,4
424,1546,16,1
425,794,945,2
426,986,62,4
427,2150,611,5
428,1147,144,2
429,4880,934,2
430,2923,481,5
431,4497,459,3
432,3698,381,2
433,2335,241,3
434,4129,793,1
435,3862,222,2
436,3309,101,5
437,318,618,1
438,835,293,3
439,4550,358,5
440,667,418,1
441,1362,897,5
442,4060,276,2
443,3071,922,5
444,1008,973,5
445,3578,36,1
446,3663,718,5
447,4064,642,2
448,3448,95,3
449,4910,301,1
450,1354,341,5
451,2740,280,5
452,4015,203,5
453,3680,583,2
454,4095,73,1
455,2292,251,4
456,2845,256,1
457,2668,493,2
458,2748,547,5
459,1565,507,2
460,2780,219,1
461,1745,388,4
462,1198,484,3
463,87,30,2
464,1155,250,5
465,2668,679,2
466,1562,656,4
467,2382,486,5
468,3430,245,3
469,1937,891,4
470,675,163,1
471,3180,351,1
472,68,986,1
473,1148,998,4
474,2368,431,2
475,4195,460,1
476,748,861,5
477,1331,119,3
478,2000,580,3
479,2886,200,1
480,3195,174,3
481,3739,710,2
482,3421,643,3
483,694,615,5
484,2401,131,2
485,1390,828,4
486,361,432,3
487,4764,921,1
488,3301,323,5
489,4322,818,1
490,2366,188,1
491,4173,16,5
492,2855,300,5
493,4053,493,1
494,645,513,3
495,4468,639,5
496,419,288,4
497,3612,175,2
498,107,511,1
499,2815,676,4
500,1271,121,1
501,1463,840,4
502,1133,923,1
503,3359,918,4
504,2029,657,2
505,2978,188,1
506,508,134,5
507,1184,614,3
508,1885,560,2
509,2064,955,2
510,45,3,4
511,877,583,5
512,2784,209,2
513,491,562,1
514,2309,652,1
515,2662,588,3
516,764,815,2
517,2668,844,5
518,4157,927,2
519,2073,282,3
520,3811,941,1
521,4613,559,3
522,3019,360,5
523,1994,50,4
524,4623,55,2
525,2401,930,5
526,3933,756,1
527,2518,941,5
528,627,120,2
529,4048,52,1
530,3083,973,2
531,2574,429,4
532,3082,672,1
533,3674,998,2
534,4586,876,5
535,4362,108,1
536,4438,279,1
537,4030,759,1
538,2937,101,2
539,472,212,1
540,1456,72,5
541,3848,594,4
542,3743,828,2
543,2660,520,5
544,1674,653,5
545,4659,216,4
546,3626,894,5
547,1671,969,1
548,43,865,5
549,221,245,4
550,163,807,2
551,272,726,2
552,2380,738,3
553,1915,59,4
554,2755,800,4
555,4650,635,2
556,4188,743,3
557,2578,278,3
558,1180,602,1
559,135,450,1
560,2695,752,1
561,1692,999,2
562,1503,618,5
563,782,564,1
564,2920,292,2
565,4638,284,3
566,271,873,3
567,3115,805,4
568,2574,158,2
569,4099,940,5
570,1162,434,2
571,2004,91,5
572,4788,588,2
573,3875,519,3
574,748,187,5
575,206,156,3
576,4071,248,2
577,4687,916,5
578,3063,863,5
579,418,241,5
580,3573,557,4
581,256,706,5
582,68,682,1
583,1831,54,1
584,2956,222,1
585,3863,50,5
586,2007,264,2
587,2729,311,2
588,3603,7,1
589,4649,594,3
590,3666,878,3
591,3078,425,3
592,2059,978,1
593,852,19,3
594,3954,642,4
595,1506,650,2
596,795,65,2
597,2095,438,1
598,921,514,4
599,2297,566,5
600,2514,226,1
601,1397,683,2
602,29,164,1
603,4974,93,5
604,4607,925,3
605,4262,480,4
606,85,886,2
607,1886,878,5
608,1683,819,4
609,3506,633,5
610,3503,257,2
611,4778,759,5
612,194,662,4
613,3096,900,2
614,2768,119,2
615,639,213,3
616,3579,140,2
617,958,83,4
618,440,339,1
619,3999,96,4
620,4547,111,2
621,817,361,5
622,4254,289,4
623,2487,271,2
624,337,419,3
625,917,336,5
626,2709,968,4
627,1635,84,2
628,2886,168,5
629,4935,695,1
630,2590,65,4
631,4261,559,1
632,3242,660,2
633,4505,777,1
634,4001,223,3
635,2346,10,4
636,3118,33,1
637,3103,619,1
638,1929,871,3
639,4327,849,3
640,3798,294,1
641,1728,663,4
642,988,465,3
643,1372,458,3
644,542,325,4
645,4340,784,2
646,4598,999,1
647,2301,733,2
648,742,489,1
649,333,311,2
650,901,385,3
651,4024,122,5
652,2319,783,2
653,2575,64,1
654,152,505,2
655,4972,872,3
656,3350,248,1
657,1990,242,4
658,3945,775,3
659,4257,774,5
660,1516,645,3
661,1953,493,1
662,2750,732,5
663,4919,56,1
664,2715,920,1
665,4053,684,5
666,4423,926,4
667,4130,530,3
668,139,74,5
669,691,619,4
670,143,539,3
671,208,15,2
672,351,886,3
673,206,916,3
674,4037,625,4
675,2123,638,1
676,3970,765,3
677,3563,539,4
678,4064,416,4
679,4111,919,5
680,1789,320,4
681,2923,366,5
682,1433,865,5
683,2862,231,1
684,962,592,1
685,2823,156,3
686,4386,750,5
687,2405,398,4
688,3672,498,1
689,4144,724,1
690,3455,25,5
691,4361,380,3
692,2734,428,1
693,405,728,3
694,1231,285,4
695,2754,210,5
696,1857,588,5
697,357,14,5
698,4104,572,3
699,4446,148,5
700,3708,804,4
701,4539,569,5
702,1777,159,4
703,3477,725,1
704,1872,430,1
705,4143,770,2
706,1987,739,3
707,4005,125,5
708,4879,920,5
709,1284,549,3
710,3968,504,3
711,2371,442,3
712,1025,707,5
713,3787,336,3
714,924,937,4
715,1040,149,3
716,4881,715,3
717,3270,176,2
718,1672,430,3
719,1242,853,5
720,305,14,5
721,4901,766,1
722,61,394,5
723,3571,788,2
724,3657,860,5
725,765,800,1
726,3445,169,4
727,3026,781,5
728,4143,295,4
729,2093,434,5
730,88,743,1
731,2604,482,2
732,3329,783,4
733,1003,126,2
734,987,17,5
735,928,157,1
736,315,248,1
737,914,90,2
738,707,196,5
739,2554,895,5
740,4626,687,4
741,4734,180,5
742,4806,949,3
743,1530,203,1
744,2717,714,5
745,1635,474,3
746,539,487,4
747,2980,36,5
748,1591,73,2
749,3905,753,2
750,939,910,4
751,4175,26,1
752,918,965,2
753,758,406,1
754,1153,381,3
755,2012,39,1
756,2648,837,2
757,1694,900,3
758,4763,819,4
759,2874,803,5
760,1831,230,1
761,4880,604,5
762,4568,804,2
763,2410,638,5
764,3699,368,3
765,3699,875,2
766,2978,700,3
767,3076,789,5
768,120,744,2
769,3091,660,4
770,2969,481,3
771,739,560,1
772,2936,764,2
773,4395,747,5
774,451,776,3
775,3430,359,2
776,2015,724,1
777,4821,545,4
778,1081,968,5
779,3545,246,5
780,4638,279,2
781,393,687,5
782,4418,486,4
783,410,579,4
784,1190,550,4
785,972,55,1
786,632,700,2
787,1086,585,5
788,2708,285,4
789,1198,686,3
790,2715,942,3
791,1735,281,3
792,749,38,4
793,4159,557,4
794,3761,585,2
795,4867,77,4
796,1000,676,3
797,3814,833,5
798,2031,802,5
799,3480,569,3
800,3309,585,5
801,2267,44,1
802,2693,129,5
803,1435,1000,1
804,631,241,2
805,4448,712,5
806,4441,482,4
807,4171,103,3
808,809,340,2
809,3686,93,1
810,990,650,4
811,1197,899,4
812,2418,770,1
813,3697,136,5
814,4176,267,5
815,1075,705,5
816,1556,840,1
817,341,641,1
818,2536,286,4
819,1925,466,5
820,1655,848,3
821,3110,220,4
822,4220,616,2
823,595,600,2
824,3488,312,2
825,2396,152,2
826,2250,367,1
827,1180,377,5
828,3446,115,2
829,2976,388,2
830,1523,409,3
831,1221,45,3
832,194,267,4
833,2631,840,5
834,1404,736,5
835,1737,879,1
836,501,193,1
837,4085,611,3
838,3221,496,1
839,733,107,2
840,785,244,4
841,1747,815,2
842,3788,898,2
843,67,235,2
844,104,910,4
845,1342,55,5
846,2905,441,1
847,2962,435,1
848,3357,417,3
849,2652,846,3
850,3481,382,3
851,3535,712,3
852,1017,883,5
853,4583,555,1
854,4446,985,4
855,673,244,1
856,2506,79,3
857,2260,196,4
858,4737,141,3
859,84,584,4
860,2499,649,5
861,773,107,3
862,757,198,3
863,1988,749,3
864,4807,650,3
865,1670,927,5
866,845,544,5
867,3694,482,3
868,1066,838,4
869,889,398,4
870,849,63,2
871,3585,333,5
872,2351,415,4
873,246,17,5
874,266,243,3
875,2694,249,2
876,3835,484,1
877,4569,992,3
878,433,26,3
879,4518,142,1
880,3533,664,5
881,3412,337,4
882,1658,251,3
883,674,658,3
884,3548,769,2
885,1077,181,5
886,1363,257,3
887,2663,784,4
888,2510,187,1
889,2792,480,2
890,1077,473,4
891,4370,905,2
892,2349,68,1
893,2603,913,3
894,1894,991,1
895,1504,720,4
896,2685,914,5
897,3700,252,3
898,720,298,1
899,2398,106,2
900,4339,622,5
901,69,504,2
902,3990,461,2
903,1381,651,5
904,1964,943,5
905,1433,413,1
906,4632,776,2
907,2026,471,4
908,3019,819,5
909,4052,65,5
910,4689,513,3
911,842,216,4
912,950,19,4
913,8,151,4
914,1678,74,2
915,3507,829,5
916,4811,528,1
917,1421,417,3
918,3065,907,5
919,4990,352,1
920,2039,766,3
921,1227,871,3
922,1302,304,3
923,3605,527,1
924,209,956,3
925,3353,684,5
926,482,637,2
927,2784,226,3
928,4162,562,3
929,586,592,1
930,1193,334,5
931,1374,355,5
932,1099,20,3
933,4997,344,3
934,1110,877,1
935,2562,106,3
936,324,687,1
937,4304,670,4
938,256,370,5
939,4754,104,3
940,3271,373,5
941,4610,717,2
942,846,649,2
943,2408,276,1
944,2975,734,3
945,4021,571,3
946,4165,179,2
947,3748,196,3
948,4939,27,1
949,943,65,4
950,4598,832,2
951,4039,94,4
952,4026,235,1
953,4982,406,2
954,4300,854,5
955,3036,830,3
956,1553,893,3
957,316,801,5
958,693,328,4
959,352,171,3
960,561,818,4
961,3901,153,5
962,2203,395,2
963,4374,957,1
964,1475,901,3
965,1043,975,4
966,107,248,4
967,4752,85,1
968,4676,213,5
969,1397,811,5
970,4396,553,3
971,1360,741,2
972,193,846,4
973,4568,831,5
974,3790,547,3
975,4812,931,3
976,3856,68,4
977,4039,819,4
978,4964,844,4
979,3307,974,5
980,1141,894,4
981,3525,35,4
982,2217,37,3
983,1673,59,5
984,2542,310,3
985,2780,946,2
986,2027,151,3
987,4619,594,4
988,521,69,4
989,1514,726,4
990,2176,728,1
991,4529,999,3
992,94,480,1
993,84,356,3
994,439,258,2
995,2114,846,1
996,2227,957,3
997,2648,815,4
998,3605,147,3
999,1875,148,5
1000,4228,312,1
1001,1615,277,4
1002,2147,851,1
1003,2690,230,4
1004,743,642,4
1005,1019,568,3
1006,4686,215,2
1007,548,349,1
1008,2300,601,1
1009,557,7,2
1010,1663,810,1
1011,1037,744,1
1012,494,912,5
1013,4648,485,1
1014,4405,109,4
1015,3796,814,4
1016,682,409,2
1017,3625,704,1
1018,4158,893,4
1019,2687,863,3
1020,3606,513,1
1021,4797,374,5
1022,3898,491,2
1023,1744,744,1
1024,2444,277,1
1025,2804,804,1
1026,2744,943,4
1027,4263,163,2
1028,1877,794,5
1029,374,408,2
1030,2148,980,3
1031,4148,193,2
1032,4291,865,5
1033,670,204,5
1034,1687,848,5
1035,1177,134,2
1036,1070,513,2
1037,3193,541,4
1038,4293,988,3
1039,2008,62,4
1040,1107,358,1
1041,3439,105,5
1042,4934,78,5
1043,4980,333,2
1044,4256,783,2
1045,797,39,1
1046,2520,421,3
1047,775,864,1
1048,190,816,1
1049,424,266,3
1050,4277,617,3
1051,2065,105,1
1052,1848,307,3
1053,4653,664,5
1054,424,402,5
1055,1092,105,3
1056,431,674,1
1057,1904,660,5
1058,1104,59,4
1059,548,348,1
1060,2864,706,3
1061,455,916,4
1062,631,282,5
1063,3181,265,4
1064,831,870,5
1065,4575,382,3
1066,2688,372,4
1067,4493,697,2
1068,1160,682,4
1069,3732,498,4
1070,4043,867,5
1071,2722,895,5
1072,498,871,2
1073,1047,145,5
1074,494,561,4
1075,2974,603,4
1076,1775,1000,2
1077,2506,327,3
1078,1211,502,5
1079,2313,329,2
1080,826,981,3
1081,951,35,2
1082,2104,584,5
1083,1214,703,1
1084,238,775,2
1085,288,715,1
1086,351,452,3
1087,352,9,3
1088,2188,717,4
1089,396,167,5
1090,3125,822,3
1091,654,577,3
1092,608,480,2
1093,1973,863,4
1094,2132,832,4
1095,3803,119,4
1096,1492,333,5
1097,3191,205,3
1098,3044,42,4
1099,1571,532,3
1100,505,101,1
1101,2150,86,3
1102,4314,926,4
1103,3234,796,1
1104,4485,538,1
1105,182,923,5
1106,3975,32,4
1107,4458,821,2
1108,1729,787,1
1109,689,640,4
1110,1912,406,3
1111,2286,300,5
1112,281,479,2
1113,3055,872,1
1114,1583,617,5
1115,1291,369,1
1116,4096,692,4
1117,775,515,1
1118,2861,270,1
1119,1286,998,2
1120,2436,244,5
1121,342,743,4
1122,4368,126,3
1123,1176,178,3
1124,4844,536,3
1125,3455,382,1
1126,1374,810,4
1127,1552,41,3
1128,1457,176,2
1129,94,230,2
1130,4512,939,1
1131,670,719,4
1132,3895,980,5
1133,871,591,1
1134,4617,387,4
1135,4734,745,2
1136,1188,200,5
1137,3145,567,2
1138,67,629,5
1139,3718,466,4
1140,2910,904,5
1141,3138,92,2
1142,4384,803,1
1143,2576,88,1
1144,2647,651,3
1145,2085,179,1
1146,2992,39,5
1147,4729,438,2
1148,3504,182,3
1149,2091,777,5
1150,4700,586,5
1151,4695,184,5
1152,1324,255,1
1153,1797,236,5
1154,1623,449,2
1155,2875,405,4
1156,153,594,1
1157,4355,73,5
1158,2097,285,1
1159,1228,480,3
1160,3651,9,1
1161,1125,71,5
1162,1712,81,1
1163,469,112,1
1164,1876,45,4
1165,586,455,3
1166,871,286,2
1167,1107,968,3
1168,3182,34,1
1169,2971,220,5
1170,3991,799,5
1171,3808,288,2
1172,859,155,1
1173,2554,308,5
1174,3526,477,5
1175,4009,199,3
1176,3144,538,5
1177,2945,801,5
1178,4200,123,2
1179,3756,437,4
1180,4132,618,3
1181,2226,536,3
1182,1894,843,1
1183,2505,197,3
1184,2780,509,3
1185,1560,806,5
1186,1840,701,2
1187,3437,956,5
1188,2556,45,1
1189,4295,19,2
1190,2949,431,2
1191,595,389,2
1192,4781,658,2
1193,4136,885,2
1194,2285,866,5
1195,3427,785,4
1196,3575,727,2
1197,665,806,1
1198,4595,326,5
1199,2672,16,4
1200,3210,634,3
1201,4981,252,4
1202,4946,620,2
1203,1818,617,5
1204,2989,914,5
1205,1485,91,3
1206,4529,552,3
1207,3148,427,5
1208,3761,371,1
1209,729,72,4
1210,2247,204,5
1211,3931,939,5
1212,4543,497,5
1213,2429,534,2
1214,3566,75,5
1215,1787,469,1
1216,1838,126,3
1217,2686,283,5
1218,3313,331,2
1219,3811,1000,2
1220,744,995,2
1221,4439,215,4
1222,1908,256,2
1223,4405,835,4
1224,660,231,2
1225,3743,96,2
1226,2758,643,3
1227,4316,31,2
1228,159,187,1
1229,4992,60,2
1230,2917,468,4
1231,4012,287,2
1232,2508,482,4
1233,4043,885,5
1234,1579,320,5
1235,4271,580,5
1236,1315,640,2
1237,1470,286,1
1238,3582,362,5
1239,3872,448,5
1240,4712,567,1
1241,3331,288,5
1242,1456,404,1
1243,136,270,5
1244,2729,182,3
1245,4751,908,4
1246,4970,883,3
1247,2736,569,5
1248,3394,893,5
1249,3281,86,2
1250,1278,727,2
1251,923,747,5
1252,4304,693,3
1253,2040,67,4
1254,4058,12,3
1255,1329,19,4
1256,4364,932,1
1257,1230,411,3
1258,4936,233,4
1259,3031,580,4
1260,2538,521,1
1261,351,11,3
1262,978,191,3
1263,41,920,3
1264,265,432,4
1265,30,65,4
1266,4325,281,2
1267,2009,315,1
1268,602,377,4
1269,4333,53,3
1270,1890,293,4
1271,53,476,5
1272,2605,747,2
1273,796,731,1
1274,3075,940,5
1275,1026,642,3
1276,27,378,3
1277,4885,651,5
1278,3743,190,1
1279,2254,619,5
1280,1175,551,4
1281,2435,856,1
1282,915,575,2
1283,3526,605,4
1284,4695,56,4
1285,2850,65,3
1286,4555,218,5
1287,4324,795,3
1288,1273,414,4
1289,1733,805,1
1290,3837,874,3
1291,3876,999,2
1292,2478,789,3
1293,1411,56,2
1294,1390,583,2
1295,2764,928,5
1296,1879,319,1
1297,3684,594,2
1298,2814,588,1
1299,4423,524,2
1300,3472,570,2
1301,3713,706,5
1302,3363,195,3
1303,2571,625,3
1304,4821,403,5
1305,4906,241,4
1306,2595,59,2
1307,1428,786,1
1308,3317,990,4
1309,1941,829,1
1310,4993,425,1
1311,5000,497,3
1312,1478,884,1
1313,3817,353,4
1314,2915,649,3
1315,846,641,1
1316,4305,542,5
1317,3669,457,1
1318,752,12,2
1319,4854,71,4
1320,2181,809,3
1321,1191,288,4
1322,4026,873,4
1323,3073,828,3
1324,4659,350,3
1325,4210,162,4
1326,624,678,5
1327,3844,780,3
1328,3935,67,1
1329,1938,643,1
1330,2917,770,3
1331,1408,577,2
1332,3359,79,5
1333,3109,547,1
1334,1591,333,2
1335,497,956,1
1336,3246,654,5
1337,355,370,1
1338,4822,876,5
1339,1309,86,3
1340,4978,575,4
1341,106,540,5
1342,879,171,1
1343,1741,307,1
1344,2675,173,3
1345,1978,44,5
1346,3290,675,4
1347,811,117,4
1348,4745,544,5
1349,885,63,5
1350,4959,544,4
1351,658,365,2
1352,3569,753,5
1353,2223,526,5
1354,379,917,1
1355,1107,389,5
1356,1765,865,4
1357,1219,642,5
1358,2647,295,3
1359,374,17,1
1360,1883,601,5
1361,818,440,1
1362,2752,111,3
1363,2280,341,4
1364,184,571,3
1365,4843,342,5
1366,2685,349,1
1367,1087,939,2
1368,2291,322,2
1369,3446,927,3
1370,834,761,4
1371,3082,157,5
1372,3039,520,2
1373,4043,401,2
1374,1387,337,5
1375,4519,506,5
1376,2540,92,2
1377,1960,948,3
1378,1840,14,2
1379,4280,113,5
1380,4210,103,1
1381,2679,482,5
1382,155,602,2
1383,1361,509,1
1384,4797,343,5
1385,604,285,2
1386,4222,59,1
1387,1443,66,2
1388,4029,164,2
1389,820,129,5
1390,4873,112,1
1391,4823,289,5
1392,2444,224,5
1393,1647,634,1
1394,1033,325,1
1395,975,887,4
1396,554,164,2
1397,4209,608,5
1398,600,711,2
1399,1227,187,3
1400,4441,358,5
1401,4821,204,1
1402,2619,730,4
1403,2273,304,4
1404,3762,464,4
1405,555,86,2
1406,4499,798,1
1407,1925,56,5
1408,4923,908,1
1409,745,429,3
1410,850,890,3
1411,3906,624,4
1412,3873,214,5
1413,300,735,4
1414,3712,846,2
1415,2478,506,5
1416,3805,378,1
1417,3198,228,1
1418,2296,747,5
1419,1379,633,4
1420,3467,365,3
1421,861,303,3
1422,1823,422,3
1423,2887,778,4
1424,3844,254,4
1425,1409,435,3
1426,623,469,3
1427,1243,910,5
1428,912,284,2
1429,4705,807,3
1430,1340,349,2
1431,3695,950,4
1432,2085,107,3
1433,2749,31,1
1434,4838,31,4
1435,2762,55,4
1436,119,48,1
1437,603,96,3
1438,2808,52,3
1439,4362,56,3
1440,1963,716,4
1441,1276,370,5
1442,4516,804,5
1443,437,792,3
1444,536,363,4
1445,4313,73,5
1446,3742,912,2
1447,2791,755,2
1448,3446,945,4
1449,2278,128,3
1450,4860,468,3
1451,3691,573,5
1452,1937,928,5
1453,255,448,3
1454,3741,371,4
1455,2081,248,4
1456,67,275,3
1457,1842,982,2
1458,2600,158,4
1459,2561,194,1
1460,3632,510,4
1461,3918,52,3
1462,4594,670,5
1463,1705,7,1
1464,2507,856,2
1465,2466,738,2
1466,4330,157,5
1467,3951,523,3
1468,1776,608,5
1469,200,136,4
1470,12,572,1
1471,1924,811,1
1472,4808,676,4
1473,4570,67,3
1474,3194,67,3
1475,1251,137,5
1476,266,418,5
1477,3516,899,5
1478,1792,799,1
1479,1224,555,4
1480,1959,996,3
1481,198,864,5
1482,2728,365,3
1483,4276,625,5
1484,2001,339,4
1485,1443,94,5
1486,343,695,3
1487,4109,799,5
1488,1780,469,4
1489,4489,574,2
1490,203,541,3
1491,1452,810,1
1492,3417,461,4
1493,574,886,1
1494,2508,140,1
1495,1652,629,3
1496,1296,46,5
1497,2060,133,4
1498,1664,729,2
1499,4982,74,4
1500,4300,2,3
1501,19,547,3
1502,2615,1000,2
1503,4073,310,4
1504,3098,659,4
1505,747,703,1
1506,4957,268,1
1507,4776,914,4
1508,1970,734,5
1509,3722,884,2
1510,3017,316,4
1511,1811,745,5
1512,671,60,1
1513,2785,216,1
1514,1612,773,4
1515,4067,50,1
1516,113,312,2
1517,1078,374,5
1518,668,789,1
1519,2692,666,5
1520,2829,689,1
1521,625,560,2
1522,2011,805,4
1523,1175,38,3
1524,82,899,4
1525,708,433,5
1526,4124,18,4
1527,1490,233,3
1528,344,381,1
1529,4431,105,2
1530,2783,503,3
1531,31,150,2
1532,2442,555,5
1533,2983,515,3
1534,906,380,1
1535,3723,567,3
1536,634,774,3
1537,1022,370,4
1538,100,892,1
1539,3492,868,2
1540,126,709,3
1541,3752,490,5
1542,2053,185,5
1543,4659,669,1
1544,1090,382,1
1545,2877,199,5
1546,2553,192,1
1547,2680,167,5
1548,1225,882,4
1549,4883,607,2
1550,2163,471,3
1551,4894,465,4
1552,1450,429,5
1553,3247,952,2
1554,735,95,5
1555,1446,834,1
1556,3198,840,3
1557,1932,921,3
1558,3890,742,2
1559,128,331,3
1560,1760,19,5
1561,3365,564,5
1562,217,17,5
1563,4291,940,2
1564,1762,742,1
1565,4324,829,4
1566,3884,739,3
1567,420,956,1
1568,4071,586,1
1569,1378,127,5
1570,4316,847,4
1571,2550,852,1
1572,3117,740,3
1573,2854,390,3
1574,3105,478,2
1575,3847,252,5
1576,2342,545,4
1577,3132,176,1
1578,715,650,1
1579,434,903,5
1580,1712,639,5
1581,2490,119,5
1582,1940,709,5
1583,1436,404,1
1584,2407,840,2
1585,997,112,4
1586,4163,719,1
1587,1480,494,3
1588,4989,339,3
1589,3231,610,5
1590,2638,152,5
1591,4100,352,2
1592,420,744,3
1593,4853,487,3
1594,807,736,2
1595,3241,230,3
1596,4247,846,2
1597,27,816,2
1598,4220,352,1
1599,2206,553,4
1600,3265,676,5
1601,4472,714,3
1602,3904,956,2
1603,3734,333,4
1604,1814,960,2
1605,4670,181,1
1606,4116,6,3
1607,1884,929,3
1608,4518,632,2
1609,2260,38,4
1610,1373,159,4
1611,2989,485,1
1612,3526,200,2
1613,2355,624,4
1614,3898,597,5
1615,3710,810,2
1616,2756,791,4
1617,3801,819,3
1618,40,930,5
1619,4599,664,5
1620,3642,347,5
1621,2857,285,1
1622,729,143,5
1623,2885,105,3
1624,2794,873,2
1625,3203,715,2
1626,334,465,3
1627,1976,883,4
1628,1551,533,2
1629,4462,310,2
1630,3754,255,1
1631,2928,197,5
1632,1561,839,4
1633,3082,50,1
1634,515,859,2
1635,320,185,4
1636,4487,544,5
1637,3243,9,1
1638,1526,667,2
1639,1243,273,3
1640,1076,66,5
1641,1406,103,1
1642,1859,285,2
1643,2196,697,4
1644,1385,787,3
1645,2355,848,3
1646,2076,217,1
1647,4832,520,4
1648,802,928,1
1649,4802,992,3
1650,4133,125,4
1651,310,614,5
1652,4914,384,2
1653,2508,937,2
1654,4084,145,1
1655,1557,237,2
1656,3442,138,3
1657,4598,787,1
1658,809,198,5
1659,4747,44,3
1660,4542,392,3
1661,59,864,5
1662,3538,476,1
1663,970,590,1
1664,158,902,5
1665,364,459,2
1666,2248,902,4
1667,1979,69,2
1668,936,443,4
1669,3175,482,1
1670,4739,426,3
1671,2135,57,2
1672,1859,292,5
1673,4764,597,3
1674,3625,277,4
1675,1008,426,3
1676,645,988,3
1677,425,528,2
1678,3055,632,1
1679,3076,751,4
1680,1723,372,3
1681,2089,23,1
1682,2979,58,4
1683,3080,965,1
1684,537,711,1
1685,2777,691,5
1686,14,694,1
1687,3299,836,3
1688,2302,643,2
1689,94,484,3
1690,61,926,3
1691,4706,838,1
1692,553,427,1
1693,4280,190,5
1694,4925,867,2
1695,3641,450,2
1696,4254,714,1
1697,3920,911,5
1698,2819,996,3
1699,3457,547,5
1700,3958,336,5
1701,3907,336,4
1702,4485,668,1
1703,2955,798,5
1704,3014,450,1
1705,4376,701,2
1706,4994,407,5
1707,896,233,5
1708,3265,533,3
1709,4650,475,5
1710,2573,105,2
1711,4009,111,5
1712,2124,214,3
1713,1363,991,1
1714,4621,61,1
1715,2744,78,5
1716,4630,248,1
1717,2761,391,2
1718,4670,411,1
1719,9,934,1
1720,2875,956,1
1721,3124,939,5
1722,257,444,2
1723,2004,749,1
1724,1684,116,1
1725,382,327,3
1726,4860,313,1
1727,3188,182,1
1728,2000,418,3
1729,2582,791,3
1730,1700,636,2
1731,3088,127,5
1732,4785,795,5
1733,2433,853,4
1734,532,491,3
1735,1997,578,3
1736,1800,28,2
1737,755,27,2
1738,2650,631,5
1739,1195,516,2
1740,4094,164,3
1741,4306,255,3
1742,1272,705,5
1743,711,373,5
1744,4612,340,2
1745,4265,260,2
1746,2767,397,2
1747,730,966,4
1748,2907,9,2
1749,4974,426,2
1750,503,768,2
1751,276,252,4
1752,1415,63,5
1753,4305,364,3
1754,360,558,5
1755,1084,763,5
1756,2187,11,4
1757,2633,247,3
1758,237,514,4
1759,30,366,3
1760,1685,165,1
1761,4902,190,3
1762,2174,164,2
1763,3417,615,4
1764,718,410,5
1765,1421,348,4
1766,4571,787,2
1767,2598,396,5
1768,1991,62,4
1769,2339,986,3
1770,3807,859,1
1771,4326,310,5
1772,2418,475,5
1773,2727,553,3
1774,2146,353,2
1775,2584,820,1
1776,4016,834,4
1777,2876,516,2
1778,1287,333,5
1779,4079,520,5
1780,4081,340,2
1781,179,50,2
1782,3809,853,4
1783,3283,907,1
1784,833,843,2
1785,2689,260,1
1786,1358,75,5
1787,84,388,4
1788,4511,205,1
1789,376,376,5
1790,56,67,1
1791,1693,117,5
1792,890,633,4
1793,3407,214,2
1794,3607,560,3
1795,409,574,2
1796,2262,41,1
1797,146,480,5
1798,2796,509,5
1799,2373,917,1
1800,4671,942,5
1801,2215,458,3
1802,1767,465,4
1803,300,712,1
1804,4102,701,2
1805,3,83,1
1806,4752,577,5
1807,1749,671,5
1808,1444,980,3
1809,147,611,1
1810,1951,802,1
1811,2694,410,2
1812,4297,361,4
1813,3587,292,3
1814,100,25,1
1815,382,75,5
1816,1958,780,1
1817,1405,818,2
1818,1026,558,4
1819,3189,397,2
1820,1695,306,1
1821,691,519,1
1822,1502,977,1
1823,4557,948,4
1824,4605,287,3
1825,467,536,5
1826,3816,240,5
1827,4347,649,5
1828,3637,351,2
1829,1814,733,1
1830,4884,9,4
1831,4094,677,2
1832,3799,329,2
1833,4654,691,2
1834,584,647,1
1835,3676,342,3
1836,3176,944,2
1837,2046,357,4
1838,469,710,5
1839,3113,5,5
1840,746,596,2
1841,3356,435,2
1842,3707,218,2
1843,4770,973,1
1844,1256,847,4
1845,4636,894,3
1846,1014,112,4
1847,3928,655,5
1848,836,927,1
1849,3506,985,2
1850,1504,821,2
1851,3210,457,5
1852,1825,129,5
1853,4830,407,3
1854,2647,917,2
1855,3767,626,2
1856,4341,773,2
1857,4577,202,1
1858,4448,172,1
1859,3191,781,4
1860,2497,227,2
1861,2296,409,1
1862,4586,644,3
1863,3078,490,1
1864,689,842,1
1865,649,578,3
1866,4553,789,3
1867,435,445,5
1868,4578,771,2
1869,4161,891,2
1870,55,999,1
1871,1991,49,4
1872,3136,590,2
1873,1652,973,1
1874,1096,689,1
1875,3056,249,4
1876,2407,543,1
1877,187,972,1
1878,930,913,1
1879,3314,554,5
1880,4329,10,5
1881,2393,664,5
1882,2347,634,2
1883,1204,532,3
1884,1709,23,2
1885,1830,231,3
1886,2496,302,5
1887,4873,124,5
1888,3175,7,1
1889,2847,739,5
1890,1696,389,5
1891,1282,193,3
1892,2243,753,2
1893,2304,286,2
1894,2695,759,5
1895,4107,838,3
1896,4826,659,1
1897,3662,842,1
1898,1856,844,4
1899,1277,719,2
1900,3047,575,4
1901,1480,42,4
1902,4014,735,5
1903,2378,546,2
1904,2257,186,3
1905,4325,794,3
1906,4044,840,1
1907,1775,673,3
1908,2541,848,2
1909,3675,513,1
1910,306,357,3
1911,3170,416,2
1912,1014,27,5
1913,1308,104,5
1914,551,502,5
1915,4022,92,1
1916,2272,992,2
1917,2487,545,1
1918,486,965,3
1919,584,162,2
1920,3962,838,2
1921,1120,755,5
1922,2848,32,3
1923,3688,755,2
1924,3971,961,2
1925,4178,511,2
1926,4183,213,1
1927,97,26,5
1928,2032,62,2
1929,3735,796,3
1930,3728,196,5
1931,1679,378,3
1932,3139,914,4
1933,102,799,1
1934,4201,757,2
1935,3277,870,1
1936,4759,615,5
1937,1393,664,5
1938,426,171,3
1939,1110,752,5
1940,613,429,5
1941,4527,825,4
1942,4249,389,2
1943,602,902,4
1944,1832,750,2
1945,392,941,5
1946,3042,762,4
1947,758,761,4
1948,445,402,1
1949,3765,573,1
1950,3491,682,1
1951,171,264,1
1952,3160,443,4
1953,4865,703,4
1954,291,850,1
1955,1372,448,1
1956,569,638,4
1957,379,871,4
1958,4625,383,5
1959,392,404,3
1960,1588,911,2
1961,1908,280,5
1962,372,582,1
1963,95,55,3
1964,192,32,4
1965,3181,963,4
1966,3579,403,5
1967,2671,721,3
1968,1293,299,3
1969,4237,218,3
1970,4481,829,2
1971,4095,992,3
1972,912,119,2
1973,1834,648,1
1974,852,848,3
1975,452,401,3
1976,2499,854,4
1977,2312,243,1
1978,4712,198,2
1979,4367,1,5
1980,3485,176,4
1981,4266,330,4
1982,3107,876,1
1983,4213,47,3
1984,3451,7,2
1985,1233,715,1
1986,2927,301,5
1987,4134,277,2
1988,1658,178,4
1989,2509,762,3
1990,259,517,5
1991,1182,13,5
1992,3765,174,2
1993,1040,408,5
1994,3398,618,5
1995,3443,179,2
1996,2626,431,1
1997,1704,715,2
1998,979,57,2
1999,3443,429,5
2000,2596,761,4
2001,3982,493,2
2002,851,788,1
2003,2668,456,2
2004,3247,395,2
2005,3819,339,4
2006,4877,715,2
2007,4720,542,1
2008,3139,848,4
2009,4715,955,4
2010,2679,563,1
2011,3115,884,5
2012,80,4,4
2013,1190,94,1
2014,3551,37,5
2015,1776,546,2
2016,1614,362,4
2017,3721,400,4
2018,2744,277,5
2019,2737,60,2
2020,733,775,2
2021,3118,393,4
2022,1500,36,1
2023,1314,906,3
2024,4103,377,1
2025,1097,222,3
2026,493,271,3
2027,2839,292,2
2028,805,458,5
2029,901,220,2
2030,2262,98,4
2031,3024,923,4
2032,4229,616,1
2033,2056,143,1
2034,863,353,3
2035,3903,662,4
2036,2092,399,2
2037,3097,639,2
2038,199,245,1
2039,865,377,5
2040,1854,208,5
2041,1648,350,2
2042,2093,79,5
2043,1763,42,4
2044,3424,38,1
2045,3305,189,1
2046,3289,253,3
2047,3258,512,3
2048,4482,615,5
2049,3851,916,2
2050,3510,300,2
2051,199,281,1
2052,1931,960,1
2053,4446,5,3
2054,43,23,1
2055,4921,920,4
2056,1260,280,2
2057,1708,445,5
2058,4569,835,1
2059,2355,784,3
2060,2288,603,2
2061,64,597,5
2062,4215,73,4
2063,3241,685,5
2064,3969,137,5
2065,475,26,1
2066,3459,950,2
2067,3276,637,4
2068,2285,544,1
2069,3181,185,1
2070,4238,764,2
2071,3686,979,3
2072,4277,288,3
2073,1004,491,5
2074,3744,917,4
2075,2190,271,3
2076,2123,62,3
2077,2918,837,4
2078,2556,523,3
2079,1940,492,2
2080,578,260,5
2081,4911,126,2
2082,3914,34,2
2083,3542,281,3
2084,4935,350,4
2085,712,77,3
2086,4036,487,3
2087,3714,281,5
2088,1620,995,5
2089,4118,188,2
2090,2696,60,2
2091,486,920,1
2092,4482,738,1
2093,3818,272,4
2094,3612,979,5
2095,3552,707,2
2096,2034,800,2
2097,2316,282,1
2098,3714,143,3
2099,2485,763,4
2100,715,147,4
2101,3656,91,4
2102,1415,521,4
2103,660,604,1
2104,4660,367,3
2105,3994,540,3
2106,4373,552,3
2107,4217,132,3
2108,4572,483,2
2109,4669,516,3
2110,1384,232,3
2111,3759,914,4
2112,3921,560,1
2113,2672,928,5
2114,1718,720,1
2115,1606,772,5
2116,924,781,1
2117,4574,843,3
2118,4774,802,5
2119,3847,972,1
2120,4737,797,1
2121,1219,485,5
2122,1441,821,4
2123,2733,963,5
2124,917,349,3
2125,3016,970,1
2126,2460,496,4
2127,2051,448,5
2128,696,830,3
2129,3047,962,1
2130,2419,81,2
2131,4402,10,2
2132,1875,235,3
2133,2499,849,4
2134,382,410,1
2135,2579,573,4
2136,4892,777,2
2137,4829,50,2
2138,2769,987,3
2139,161,101,5
2140,4107,99,5
2141,869,201,2
2142,1010,603,2
2143,1215,544,4
2144,3425,242,2
2145,4909,916,3
2146,2310,657,3
2147,4749,500,5
2148,878,124,3
2149,2870,162,2
2150,3488,777,2
2151,1791,340,4
2152,597,598,3
2153,2562,406,3
2154,1113,958,3
2155,3129,23,1
2156,4417,26,5
2157,3986,892,1
2158,3656,17,5
2159,3920,592,3
2160,569,140,3
2161,3313,131,5
2162,2354,423,1
2163,1521,892,2
2164,2605,183,3
2165,3933,467,3
2166,4188,86,1
2167,1333,122,1
2168,383,723,4
2169,895,966,1
2170,994,518,3
2171,1713,881,5
2172,3015,373,3
2173,2646,195,2
2174,2434,659,3
2175,4671,549,3
2176,4686,648,1
2177,4141,490,5
2178,1522,656,3
2179,2948,564,3
2180,2600,414,1
2181,2,647,3
2182,4440,759,5
2183,1298,975,4
2184,4011,97,1
2185,2102,294,5
2186,4823,707,3
2187,4277,524,3
2188,141,919,2
2189,1578,163,2
2190,412,836,3
2191,676,265,4
2192,2750,751,5
2193,2025,905,2
2194,2680,181,2
2195,4714,256,2
2196,680,247,2
2197,3555,724,2
2198,480,704,4
2199,4231,232,5
2200,1533,748,5
2201,3088,130,2
2202,4572,473,5
2203,1735,548,4
2204,2653,934,2
2205,1132,169,5
2206,1997,909,1
2207,2235,963,3
2208,3676,361,3
2209,795,64,1
2210,1947,93,1
2211,2247,613,5
2212,3860,379,3
2213,1987,846,1
2214,3276,379,2
2215,1831,467,2
2216,69,174,5
2217,1655,597,1
2218,4744,965,2
2219,4114,305,2
2220,2431,152,5
2221,3619,208,5
2222,1806,375,1
2223,2846,968,5
2224,4419,266,2
2225,3403,221,3
2226,2319,844,1
2227,519,295,5
2228,4779,917,1
2229,2700,952,1
2230,241,475,1
2231,3850,56,3
2232,4519,271,2
2233,2648,214,1
2234,3526,431,1
2235,1679,263,5
2236,2448,234,1
2237,4698,732,5
2238,1222,554,2
2239,3840,654,2
2240,4639,52,4
2241,981,645,1
2242,406,196,3
2243,1314,338,5
2244,1771,437,2
2245,1305,748,2
2246,2553,482,5
2247,294,493,1
2248,1552,637,4
2249,3444,998,1
2250,742,990,5
2251,2109,42,1
2252,3511,172,1
2253,4137,618,4
2254,2803,908,4
2255,2630,130,4
2256,3522,15,1
2257,1132,691,5
2258,2742,155,5
2259,1755,495,1
2260,2977,913,1
2261,3638,396,5
2262,3639,990,4
2263,1606,672,4
2264,4745,698,2
2265,1449,41,3
2266,899,165,3
2267,368,955,1
2268,1319,898,1
2269,3937,204,5
2270,4596,808,3
2271,3280,954,4
2272,2552,556,2
2273,3278,93,3
2274,327,962,4
2275,3856,540,1
2276,4299,518,3
2277,1007,183,2
2278,4087,371,5
2279,4957,612,4
2280,784,856,1
2281,1520,728,2
2282,4382,402,2
2283,4234,608,2
2284,4586,702,4
2285,643,953,4
2286,4010,318,2
2287,9,505,3
2288,806,132,2
2289,1432,733,1
2290,3914,480,3
2291,2550,9,5
2292,4650,389,2
2293,305,102,5
2294,1115,386,2
2295,1807,608,1
2296,540,785,1
2297,2811,108,4
2298,4360,755,4
2299,2184,166,1
2300,3760,405,3
2301,4168,17,1
2302,1786,195,5
2303,2737,33,3
2304,3843,215,1
2305,1359,834,2
2306,3868,978,2
2307,2111,114,1
2308,614,49,2
2309,4149,207,4
2310,1655,586,1
2311,1015,90,5
2312,2467,403,2
2313,818,694,2
2314,2896,557,3
2315,3110,728,5
2316,3192,18,1
2317,1513,394,1
2318,1432,452,4
2319,806,783,3
2320,1228,125,3
2321,1618,697,3
2322,2433,116,2
2323,766,307,5
2324,4205,719,1
2325,3981,360,2
2326,51,167,4
2327,1678,609,3
2328,1518,353,4
2329,4768,449,1
2330,2005,357,1
2331,1501,88,4
2332,148,856,3
2333,1926,665,3
2334,1987,18,4
2335,4145,277,4
2336,4567,302,3
2337,266,670,5
2338,372,566,2
2339,2236,708,3
2340,2567,346,5
2341,557,869,2
2342,42,874,3
2343,1647,743,5
2344,421,363,1
2345,3554,331,4
2346,1681,659,1
2347,1523,74,5
2348,2201,680,2
2349,4460,209,4
2350,1303,86,4
2351,2182,481,2
2352,3554,420,1
2353,744,476,1
2354,1976,862,2
2355,4164,493,4
2356,1964,415,5
2357,4687,196,5
2358,3260,226,3
2359,4134,856,3
2360,1307,15,4
2361,1350,237,3
2362,4380,771,1
2363,2378,974,5
2364,4605,83,3
2365,234,491,4
2366,2076,579,5
2367,3199,948,4
2368,1425,62,2
2369,4753,693,4
2370,1705,923,3
2371,391,888,1
2372,2789,376,2
2373,4951,272,2
2374,1646,804,3
2375,2120,468,3
2376,3339,741,4
2377,2293,183,5
2378,3062,60,5
2379,579,117,3
2380,1602,674,4
2381,4396,467,1
2382,544,765,5
2383,4778,204,3
2384,697,561,2
2385,2258,672,1
2386,3748,378,1
2387,272,757,2
2388,4017,772,2
2389,4115,937,2
2390,858,460,4
2391,1493,83,2
2392,3605,624,3
2393,4674,347,5
2394,3807,76,5
2395,3447,765,1
2396,1594,102,1
2397,4996,871,5
2398,184,357,4
2399,4675,802,2
2400,497,458,1
2401,3706,952,5
2402,2876,419,3
2403,687,709,4
2404,2279,831,3
2405,3863,590,3
2406,4700,796,4
2407,4168,748,3
2408,1557,877,4
2409,2890,851,3
2410,666,844,3
2411,1678,149,4
2412,4115,543,1
2413,4788,277,2
2414,4708,89,3
2415,469,454,3
2416,1617,882,2
2417,4097,561,3
2418,2103,860,4
2419,1596,492,1
2420,3527,546,3
2421,2378,182,5
2422,1119,277,3
2423,1506,976,1
2424,4435,270,1
2425,3363,981,5
2426,3062,966,2
2427,763,237,1
2428,685,789,5
2429,344,795,3
2430,3714,351,2
2431,4747,743,1
2432,3050,720,4
2433,175,937,4
2434,1349,893,4
2435,4908,933,4
2436,3484,774,3
2437,3520,132,2
2438,2990,433,1
2439,1994,819,1
2440,1560,669,1
2441,1031,748,2
2442,1694,112,5
2443,1545,565,4
2444,1706,245,5
2445,575,225,1
2446,1402,805,1
2447,3680,740,1
2448,580,377,2
2449,2088,276,5
2450,3468,562,1
2451,3225,692,1
2452,2968,858,1
2453,2655,928,3
2454,3802,443,3
2455,1421,838,3
2456,347,934,4
2457,4152,44,2
2458,755,97,4
2459,4961,661,3
2460,3968,711,4
2461,3259,959,5
2462,1051,234,4
2463,3080,616,3
2464,4672,382,2
2465,1225,995,4
2466,1867,56,2
2467,4816,690,3
2468,1868,433,4
2469,1197,37,3
2470,1403,781,4
2471,4550,654,2
2472,2840,370,3
2473,1493,259,1
2474,487,604,2
2475,989,861,2
2476,3023,333,3
2477,636,455,1
2478,1229,620,5
2479,3847,348,5
2480,1975,875,4
2481,1282,500,4
2482,2936,409,3
2483,1485,530,1
2484,2480,368,2
2485,1007,200,1
2486,1710,17,1
2487,4468,261,5
2488,3524,955,1
2489,4001,916,1
2490,832,423,1
2491,3065,480,4
2492,1326,852,1
2493,2331,955,2
2494,3495,926,4
2495,4492,927,1
2496,259,878,5
2497,3583,623,4
2498,2496,560,2
2499,4729,292,5
2500,551,697,4
2501,1252,314,1
2502,805,738,4
2503,629,823,5
2504,2139,268,1
2505,2457,689,5
2506,1288,685,3
2507,2780,778,2
2508,109,49,2
2509,2884,201,1
2510,3143,329,5
2511,2116,425,3
2512,127,21,3
2513,1370,498,3
2514,4841,620,2
2515,2863,309,4
2516,101,824,5
2517,709,310,1
2518,2237,771,3
2519,1664,976,1
2520,930,478,3
2521,3238,529,5
2522,2303,796,2
2523,3949,150,5
2524,828,868,2
2525,4245,174,5
2526,4806,19,3
2527,1826,271,4
2528,3008,527,5
2529,1401,928,2
2530,1329,261,5
2531,4641,240,1
2532,1633,647,3
2533,3866,534,1
2534,1756,968,2
2535,2095,783,5
2536,2732,743,3
2537,3400,627,2
2538,2960,344,3
2539,686,992,5
2540,3501,33,1
2541,4931,687,4
2542,3853,565,1
2543,491,408,5
2544,4183,286,2
2545,1730,401,2
2546,88,568,3
2547,1307,939,5
2548,3037,200,5
2549,111,211,5
2550,94,86,5
2551,531,430,1
2552,3655,114,3
2553,3969,592,4
2554,4802,467,3
2555,4713,466,4
2556,4663,181,5
2557,1617,961,5
2558,2012,866,2
2559,839,935,5
2560,828,514,5
2561,216,494,5
2562,121,887,4
2563,2243,754,4
2564,4405,229,5
2565,2488,817,4
2566,1548,148,4
2567,2801,361,1
2568,4411,903,4
2569,1858,284,4
2570,1351,438,3
2571,1390,985,2
2572,4625,857,3
2573,4319,666,2
2574,3716,757,4
2575,217,87,1
2576,748,180,4
2577,2591,14,5
2578,1710,366,1
2579,343,471,2
2580,418,146,1
2581,1340,579,1
2582,1063,119,3
2583,4725,829,3
2584,1015,946,2
2585,2225,589,2
2586,2170,655,3
2587,4740,302,2
2588,140,153,3
2589,901,181,5
2590,4390,366,3
2591,4617,650,3
2592,3267,924,4
2593,1582,554,1
2594,14,819,2
2595,4945,186,5
2596,4641,895,3
2597,1914,576,1
2598,1129,350,2
2599,3765,630,5
2600,3869,500,2
2601,3865,967,3
2602,793,693,1
2603,4547,113,4
2604,1280,453,1
2605,829,255,4
2606,3172,676,2
2607,3423,57,2
2608,1459,659,2
2609,2846,679,2
2610,950,627,3
2611,799,751,3
2612,1060,328,5
2613,2420,524,2
2614,3644,746,3
2615,3338,16,4
2616,82,371,4
2617,4427,143,4
2618,3207,443,1
2619,975,329,1
2620,2410,10,4
2621,642,999,5
2622,4771,514,1
2623,3269,899,5
2624,1488,147,2
2625,3170,897,3
2626,4267,306,4
2627,2238,421,4
2628,1187,561,3
2629,4102,996,3
2630,2271,326,5
2631,4173,987,4
2632,2915,250,2
2633,198,83,4
2634,479,732,5
2635,4458,995,3
2636,3951,457,4
2637,781,715,2
2638,2121,625,3
2639,1785,227,2
2640,4245,389,1
2641,2545,107,4
2642,3974,398,1
2643,3738,317,1
2644,2223,590,1
2645,3355,941,5
2646,2412,838,3
2647,968,983,1
2648,3926,826,2
2649,2682,752,4
2650,4557,380,2
2651,3590,434,1
2652,4451,846,5
2653,1393,722,3
2654,4706,138,3
2655,3483,33,2
2656,3369,33,2
2657,3194,794,2
2658,1852,934,5
2659,151,910,4
2660,2891,619,4
2661,1641,970,4
2662,205,996,4
2663,2407,932,4
2664,4719,993,2
2665,2871,756,2
2666,1100,481,1
2667,4301,764,5
2668,1357,640,4
2669,2599,605,2
2670,909,277,3
2671,4864,505,5
2672,1990,796,2
2673,4923,319,1
2674,3876,595,3
2675,1155,706,3
2676,1000,420,5
2677,4134,548,1
2678,718,343,4
2679,1336,665,3
2680,2755,177,5
2681,820,371,4
2682,4291,422,2
2683,2217,933,1
2684,2206,30,5
2685,3386,630,2
2686,1419,567,3
2687,2585,21,1
2688,2681,432,5
2689,502,872,1
2690,1793,895,5
2691,3636,821,2
2692,4437,543,1
2693,1385,901,3
2694,4542,217,4
2695,1879,158,1
2696,2823,736,1
2697,4560,83,4
2698,2400,267,5
2699,3461,611,3
2700,2386,936,2
2701,1365,848,3
2702,2093,970,4
2703,3706,768,2
2704,3891,484,2
2705,1643,420,3
2706,1811,307,3
2707,775,656,3
2708,3732,926,5
2709,1350,89,4
2710,1393,723,4
2711,1702,726,4
2712,196,190,4
2713,4929,177,5
2714,2987,368,5
2715,4120,961,2
2716,4766,550,4
2717,1864,637,2
2718,2411,938,5
2719,111,916,5
2720,181,810,1
2721,983,389,3
2722,2884,114,3
2723,413,138,5
2724,3015,767,3
2725,1323,69,4
2726,1657,259,3
2727,4029,21,5
2728,3105,511,2
2729,1660,382,1
2730,1519,40,1
2731,1551,263,1
2732,2969,752,1
2733,2707,717,2
2734,2994,98,2
2735,401,506,5
2736,684,129,1
2737,1863,914,1
2738,1403,972,2
2739,2973,172,3
2740,4509,225,3
2741,4508,948,2
2742,1079,58,5
2743,1904,93,5
2744,2321,566,3
2745,1508,595,1
2746,3116,426,4
2747,2906,585,1
2748,4359,617,2
2749,2807,620,3
2750,4492,272,3
2751,4194,989,5
2752,2495,240,5
2753,1290,856,2
2754,2027,444,4
2755,1022,735,5
2756,1305,68,3
2757,3875,781,1
2758,2715,102,3
2759,3248,591,4
2760,946,304,1
2761,1724,604,4
2762,4746,722,4
2763,4677,244,1
2764,4337,129,4
2765,1642,559,2
2766,1506,836,5
2767,3832,474,1
2768,4550,108,4
2769,214,19,1
2770,312,735,3
2771,3448,284,5
2772,4811,217,3
2773,4506,590,3
2774,3530,201,3
2775,199,233,2
2776,1437,997,3
2777,3940,726,2
2778,1992,769,5
2779,1256,856,1
2780,4926,676,3
2781,65,94,2
2782,4022,718,5
2783,1380,152,4
2784,220,238,5
2785,666,589,3
2786,3299,943,2
2787,2609,417,5
2788,44,45,3
2789,453,633,1
2790,4,183,5
2791,2256,13,5
2792,3987,554,1
2793,2423,784,5
2794,289,25,1
2795,3410,146,2
2796,4234,350,2
2797,716,604,5
2798,2296,914,2
2799,4843,844,1
2800,580,559,4
2801,2325,431,3
2802,2861,816,1
2803,3324,96,3
2804,3415,816,2
2805,2309,645,4
2806,38,304,5
2807,3977,163,3
2808,2986,173,2
2809,2374,697,2
2810,2626,838,1
2811,3889,701,1
2812,3083,1000,4
2813,656,498,5
2814,4521,181,1
2815,4295,21,4
2816,4126,168,4
2817,2754,509,1
2818,58,469,1
2819,1724,583,3
2820,2027,53,4
2821,1529,946,2
2822,2678,143,3
2823,1836,792,2
2824,2344,720,2
2825,602,536,2
2826,463,332,5
2827,833,710,3
2828,4241,553,3
2829,4492,29,5
2830,3500,582,3
2831,1011,473,4
2832,3650,839,3
2833,2714,922,2
2834,3267,124,3
2835,4847,135,4
2836,647,589,4
2837,2831,921,1
2838,84,318,1
2839,4833,866,1
2840,1010,894,4
2841,2113,377,3
2842,1964,332,3
2843,989,120,3
2844,2101,424,1
2845,2341,802,3
2846,3374,792,2
2847,2075,443,5
2848,4437,373,1
2849,2940,627,4
2850,2548,826,3
2851,256,241,3
2852,2745,847,1
2853,3240,728,4
2854,1743,692,1
2855,3451,906,3
2856,4197,600,5
2857,2949,195,5
2858,2002,590,5
2859,4244,85,5
2860,794,118,1
2861,4976,304,2
2862,3189,562,1
2863,1761,816,2
2864,3881,520,4
2865,4723,38,2
2866,1366,845,5
2867,1457,33,5
2868,4727,351,3
2869,116,812,2
2870,766,957,5
2871,2613,164,2
2872,545,66,5
2873,2747,475,1
2874,4166,860,5
2875,2396,615,5
2876,3174,192,5
2877,2726,369,4
2878,4380,528,4
2879,3665,596,4
2880,605,581,3
2881,3966,437,1
2882,3459,182,4
2883,4296,237,1
2884,4587,907,5
2885,1001,103,5
2886,440,246,1
2887,2955,106,2
2888,3326,468,5
2889,3889,168,2
2890,57,92,2
2891,672,617,2
2892,937,391,4
2893,560,896,5
2894,3073,91,3
2895,4277,698,4
2896,1637,394,4
2897,2202,565,2
2898,4778,41,5
2899,3510,520,5
2900,4785,473,2
2901,3278,308,5
2902,1481,297,5
2903,638,712,5
2904,2748,586,4
2905,3373,48,4
2906,872,583,4
2907,2030,954,3
2908,4787,702,3
2909,4891,651,3
2910,4261,270,5
2911,2921,876,2
2912,1354,429,4
2913,2906,347,5
2914,1569,409,3
2915,3960,868,3
2916,1327,307,4
2917,1096,583,1
2918,940,746,3
2919,4082,288,1
2920,2793,452,2
2921,3461,544,3
2922,3544,95,2
2923,3759,418,1
2924,1805,749,5
2925,2253,677,3
2926,4847,288,5
2927,4516,921,2
2928,869,996,3
2929,491,921,1
2930,2909,821,2
2931,1597,934,1
2932,2510,540,5
2933,1209,392,4
2934,4184,321,4
2935,2409,517,3
2936,1883,508,3
2937,3152,719,1
2938,2682,571,4
2939,2514,483,1
2940,2531,113,4
2941,423,207,1
2942,1533,594,2
2943,379,583,5
2944,2182,587,1
2945,1076,948,5
2946,604,647,4
2947,1896,744,3
2948,3289,414,2
2949,3971,625,2
2950,689,541,4
2951,3843,914,4
2952,1901,380,3
2953,1393,440,2
2954,3291,357,3
2955,3356,885,5
2956,3073,760,5
2957,4812,947,4
2958,12,650,5
2959,1554,255,5
2960,1638,923,3
2961,1074,908,2
2962,4240,449,5
2963,4853,726,3
2964,275,548,5
2965,227,690,2
2966,3958,158,1
2967,1858,391,4
2968,2845,472,1
2969,577,188,1
2970,1377,45,2
2971,2167,415,1
2972,3043,86,4
2973,1905,172,3
2974,159,44,2
2975,2244,939,5
2976,2726,414,5
2977,814,752,3
2978,2496,45,2
2979,2383,255,1
2980,631,721,5
2981,3016,383,2
2982,1206,743,5
2983,2646,829,4
2984,3339,317,2
2985,2965,919,5
2986,1136,635,5
2987,1771,823,5
2988,4471,229,3
2989,4337,924,2
2990,960,794,2
2991,3096,293,3
2992,4429,591,4
2993,602,923,1
2994,4863,836,1
2995,3889,417,5
2996,2212,144,3
2997,3046,329,4
2998,1710,873,1
2999,2125,309,2
3000,4289,834,5
3001,1472,883,4
3002,4379,376,2
3003,3459,352,4
3004,1656,845,3
3005,1942,609,2
3006,2304,409,4
3007,1534,117,4
3008,3332,368,3
3009,644,626,3
3010,2070,733,2
3011,90,790,2
3012,4198,351,3
3013,1322,794,1
3014,4891,953,5
3015,3638,160,4
3016,2084,807,4
3017,4683,304,4
3018,1685,357,1
3019,1676,107,3
3020,1410,637,4
3021,3328,856,5
3022,1424,28,4
3023,1715,220,1
3024,3076,618,2
3025,3664,289,3
3026,1982,992,5
3027,4469,139,3
3028,4672,649,4
3029,318,766,2
3030,4579,282,4
3031,3544,395,3
3032,3213,473,5
3033,4000,750,5
3034,4029,445,4
3035,2731,879,4
3036,3076,511,2
3037,724,889,3
3038,2837,211,2
3039,3647,113,5
3040,4927,891,5
3041,1567,108,3
3042,1110,444,2
3043,4715,642,2
3044,2122,513,3
3045,435,302,2
3046,4184,214,5
3047,470,604,4
3048,3689,238,3
3049,4753,46,1
3050,1061,403,2
3051,3790,760,2
3052,605,851,5
3053,24,353,2
3054,2669,906,3
3055,1681,272,1
3056,2590,618,5
3057,4319,369,3
3058,1672,737,2
3059,1679,467,3
3060,3106,815,4
3061,2110,288,2
3062,2972,558,4
3063,4246,536,3
3064,4530,763,3
3065,1427,280,1
3066,1228,851,2
3067,3461,455,4
3068,2747,274,5
3069,4555,503,2
3070,3481,941,2
3071,1449,252,4
3072,931,775,1
3073,2900,328,4
3074,1500,327,3
3075,4726,822,3
3076,346,199,1
3077,1875,116,5
3078,3128,329,4
3079,1540,906,2
3080,4060,990,1
3081,4700,67,1
3082,4955,972,5
3083,247,52,1
3084,321,412,3
3085,4295,416,5
3086,829,851,3
3087,1275,549,5
3088,1708,628,1
3089,4382,630,2
3090,4274,734,5
3091,2162,552,4
3092,1762,136,3
3093,2622,540,2
3094,2393,281,1
3095,2595,615,3
3096,4174,35,2
3097,2388,701,4
3098,3548,705,3
3099,4477,34,4
3100,250,674,1
3101,1607,421,2
3102,1982,398,3
3103,2012,945,4
3104,2650,359,3
3105,2477,309,5
3106,1511,910,4
3107,2040,299,2
3108,1094,908,4
3109,2859,52,3
3110,3798,664,1
3111,1072,152,5
3112,1216,220,3
3113,268,5,2
3114,12,64,5
3115,4726,74,4
3116,4657,746,3
3117,2237,125,5
3118,2005,398,2
3119,4577,217,3
3120,1884,347,1
3121,2519,200,5
3122,80,670,2
3123,524,245,5
3124,1380,145,3
3125,1700,888,1
3126,4377,234,4
3127,2942,159,3
3128,1611,198,3
3129,3310,236,3
3130,337,235,2
3131,4564,321,3
3132,3541,3,2
3133,4609,406,3
3134,800,53,1
3135,511,480,3
3136,3178,782,5
3137,1356,942,5
3138,4783,573,2
3139,4906,522,4
3140,4695,748,2
3141,1076,545,4
3142,2831,940,3
3143,4294,683,4
3144,4491,330,5
3145,3259,471,3
3146,852,41,1
3147,2715,60,3
3148,2719,102,3
3149,3648,275,2
3150,2732,786,3
3151,1630,61,3
3152,1150,563,4
3153,4586,112,1
3154,3666,269,5
3155,2918,978,5
3156,3076,366,3
3157,2476,942,4
3158,2789,83,1
3159,1976,205,4
3160,1467,738,1
3161,4623,790,1
3162,4981,270,4
3163,3842,236,4
3164,87,270,4
3165,4686,235,4
3166,4255,85,1
3167,3784,779,2
3168,4768,633,2
3169,671,797,2
3170,2246,76,5
3171,946,881,3
3172,544,446,5
3173,1064,427,3
3174,349,98,1
3175,1179,717,5
3176,4621,774,2
3177,1368,809,4
3178,3884,544,1
3179,2051,296,3
3180,3307,266,1
3181,3507,817,2
3182,157,514,1
3183,196,747,2
3184,1247,420,1
3185,3497,206,5
3186,1421,594,4
3187,30,507,5
3188,1883,564,3
3189,3931,697,1
3190,4997,943,1
3191,3622,215,4
3192,4088,65,5
3193,4733,278,4
3194,3274,633,3
3195,2286,307,3
3196,3772,238,2
3197,902,747,5
3198,701,450,2
3199,1557,558,3
3200,923,180,5
3201,267,252,3
3202,3389,668,1
3203,2416,9,1
3204,548,895,3
3205,4730,479,1
3206,1989,834,1
3207,1455,429,3
3208,3895,368,2
3209,2472,414,1
3210,1913,888,4
3211,1266,70,1
3212,644,602,3
3213,2909,969,3
3214,1841,508,1
3215,1979,864,2
3216,620,240,2
3217,2356,898,4
3218,3994,287,3
3219,4253,834,3
3220,3418,841,3
3221,740,193,5
3222,3783,859,2
3223,2434,925,4
3224,3420,628,1
3225,3626,450,4
3226,1109,861,3
3227,3651,929,4
3228,2084,610,2
3229,757,132,1
3230,3487,286,5
3231,1932,428,2
3232,1674,668,2
3233,3842,391,5
3234,4718,704,3
3235,31,46,2
3236,1765,985,1
3237,2191,587,2
3238,2211,532,3
3239,1095,947,5
3240,1463,615,3
3241,2697,172,3
3242,4015,647,5
3243,2289,596,5
3244,3036,295,3
3245,4435,722,5
3246,1019,915,3
3247,4831,51,5
3248,1352,952,3
3249,4405,533,1
3250,2276,406,1
3251,1196,958,1
3252,1017,801,2
3253,2498,691,1
3254,1995,742,2
3255,1291,963,3
3256,3262,632,5
3257,2502,570,4
3258,1439,915,3
3259,1149,354,5
3260,1171,312,4
3261,4032,123,5
3262,991,197,4
3263,1419,153,1
3264,4305,244,4
3265,4907,229,2
3266,4492,260,5
3267,4660,988,2
3268,2753,805,5
3269,2087,92,3
3270,3848,637,1
3271,1243,422,4
3272,3039,769,4
3273,382,636,3
3274,1438,319,4
3275,4070,164,3
3276,4510,904,3
3277,2976,471,5
3278,1249,346,3
3279,771,935,2
3280,3145,790,2
3281,3346,537,3
3282,1618,208,4
3283,4405,820,3
3284,4157,185,5
3285,78,831,4
3286,2517,776,3
3287,1144,637,5
3288,1885,979,3
3289,1761,668,1
3290,1898,806,3
3291,881,979,5
3292,2473,838,2
3293,4092,412,2
3294,618,823,1
3295,3627,252,1
3296,1374,534,1
3297,2352,75,5
3298,871,96,4
3299,1373,369,3
3300,1634,147,2
3301,2524,242,2
3302,1009,170,2
3303,26,712,3
3304,4542,646,3
3305,1505,26,2
3306,897,243,2
3307,4221,361,3
3308,2791,554,4
3309,4838,308,5
3310,4248,68,1
3311,1697,504,3
3312,1091,574,4
3313,3521,268,2
3314,1530,49,5
3315,1179,719,1
3316,4379,962,1
3317,1751,674,3
3318,2535,827,5
3319,1720,180,2
3320,3976,231,3
3321,3259,652,1
3322,4611,375,5
3323,3224,805,3
3324,1181,29,5
3325,1408,747,2
3326,1166,544,2
3327,1046,570,3
3328,1026,679,2
3329,2321,918,1
3330,1350,345,3
3331,3835,45,3
3332,3200,419,4
3333,4274,822,4
3334,3153,314,4
3335,4949,916,1
3336,1659,599,4
3337,1883,67,5
3338,691,724,1
3339,286,686,4
3340,1949,140,3
3341,2333,246,3
3342,13,876,4
3343,3174,687,4
3344,2219,954,5
3345,3352,876,4
3346,3749,388,1
3347,4115,569,4
3348,1409,637,2
3349,3885,647,3
3350,981,440,1
3351,977,513,4
3352,3729,464,3
3353,4626,151,3
3354,4340,278,4
3355,3885,19,4
3356,3621,519,5
3357,1758,897,1
3358,3492,39,4
3359,4081,653,3
3360,4842,932,1
3361,4042,241,5
3362,828,963,5
3363,2954,932,5
3364,4497,854,2
3365,1006,711,4
3366,2982,80,3
3367,2789,896,4
3368,3301,470,3
3369,134,113,5
3370,3465,711,5
3371,4156,901,1
3372,4,340,5
3373,2921,273,2
3374,4665,617,3
3375,950,940,2
3376,3843,300,3
3377,2830,963,2
3378,1466,308,1
3379,119,503,2
3380,4700,305,4
3381,3004,569,1
3382,3872,589,2
3383,33,397,1
3384,4041,806,5
3385,2418,68,1
3386,2263,146,4
3387,1279,8,4
3388,1987,320,3
3389,494,526,2
3390,1447,513,2
3391,369,219,1
3392,2883,396,2
3393,3675,983,3
3394,161,314,3
3395,1032,650,5
3396,3023,909,2
3397,3197,778,1
3398,3516,120,4
3399,4959,923,1
3400,4509,185,2
3401,1206,520,4
3402,1410,382,4
3403,3155,363,2
3404,3999,190,2
3405,117,177,3
3406,4287,789,2
3407,1980,346,3
3408,4438,619,3
3409,2413,147,2
3410,4791,544,5
3411,558,225,2
3412,977,211,1
3413,2231,997,3
3414,307,483,3
3415,4415,506,4
3416,1856,911,4
3417,4753,982,5
3418,521,816,1
3419,1314,824,5
3420,2346,998,1
3421,2840,738,2
3422,2932,955,2
3423,3054,602,1
3424,2493,568,2
3425,3965,638,4
3426,899,866,5
3427,4417,704,5
3428,2211,579,4
3429,1775,210,5
3430,4399,262,4
3431,1434,933,2
3432,151,561,2
3433,1099,893,1
3434,643,773,1
3435,1547,236,2
3436,3672,323,1
3437,3006,954,2
3438,1094,760,4
3439,3330,210,1
3440,3754,966,3
3441,4000,49,4
3442,3417,643,5
3443,1070,837,2
3444,393,858,2
3445,3688,850,2
3446,4067,446,5
3447,809,996,4
3448,3708,497,3
3449,4981,315,1
3450,3914,889,5
3451,4418,805,2
3452,3250,965,5
3453,564,95,3
3454,2899,555,3
3455,2862,4,2
3456,4900,891,5
3457,4671,70,3
3458,1062,535,2
3459,3417,481,3
3460,1789,319,2
3461,3669,308,2
3462,871,24,5
3463,4036,242,1
3464,777,143,3
3465,4264,752,1
3466,1396,270,2
3467,441,869,4
3468,89,879,1
3469,136,393,4
3470,4210,515,3
3471,4682,318,3
3472,2884,535,2
3473,869,640,2
3474,3725,323,1
3475,2306,422,4
3476,4423,568,3
3477,4383,361,4
3478,3896,135,5
3479,768,609,4
3480,1084,745,3
3481,2458,1000,3
3482,2951,196,2
3483,1520,898,5
3484,4005,55,1
3485,3104,471,3
3486,863,198,1
3487,2094,978,2
3488,3826,132,4
3489,4045,107,3
3490,2887,23,4
3491,4603,685,2
3492,4763,539,2
3493,4711,746,2
3494,2014,443,3
3495,4979,740,3
3496,1316,233,2
3497,280,946,5
3498,3117,312,3
3499,2621,200,5
3500,3119,518,5
3501,732,443,3
3502,1893,40,4
3503,3082,445,1
3504,4145,216,4
3505,246,471,1
3506,174,75,5
3507,1041,96,3
3508,1195,548,3
3509,771,516,5
3510,3255,53,5
3511,1076,643,3
3512,4712,647,4
3513,3270,137,3
3514,1734,441,3
3515,1031,394,2
3516,504,909,5
3517,2219,223,2
3518,3902,492,2
3519,4844,629,2
3520,4558,495,3
3521,4883,630,2
3522,1860,609,2
3523,3692,469,4
3524,1408,292,3
3525,4114,523,4
3526,1016,590,5
3527,850,151,3
3528,3481,128,3
3529,3585,769,5
3530,4196,294,3
3531,854,724,3
3532,651,577,5
3533,3060,135,3
3534,2781,697,4
3535,3161,494,1
3536,766,249,5
3537,4024,105,5
3538,4537,146,4
3539,80,37,4
3540,760,293,2
3541,3202,470,3
3542,590,519,2
3543,948,766,5
3544,225,931,3
3545,3850,351,1
3546,2426,299,3
3547,2309,982,2
3548,3152,569,5
3549,3980,453,1
3550,2480,615,3
3551,4044,377,5
3552,1282,630,4
3553,3963,275,1
3554,708,440,4
3555,1505,384,4
3556,2275,276,3
3557,4328,14,1
3558,189,259,1
3559,1365,186,2
3560,2926,333,3
3561,4319,741,5
3562,3366,342,5
3563,1951,612,5
3564,2497,793,1
3565,800,963,2
3566,57,305,2
3567,3434,368,1
3568,507,401,2
3569,2219,747,1
3570,1493,608,4
3571,2511,241,3
3572,553,763,5
3573,1768,37,1
3574,164,917,1
3575,3224,449,5
3576,4065,955,4
3577,3721,43,4
3578,3832,434,5
3579,1758,541,4
3580,3221,704,4
3581,2275,50,3
3582,4609,96,3
3583,4216,20,3
3584,3531,132,2
3585,4800,275,4
3586,3478,828,5
3587,3426,688,3
3588,4174,524,4
3589,2989,741,5
3590,4629,222,3
3591,724,26,4
3592,970,153,1
3593,4279,502,3
3594,2108,164,2
3595,2513,982,1
3596,4667,707,5
3597,2647,387,3
3598,4482,169,5
3599,896,683,2
3600,649,528,5
3601,3235,334,4
3602,1164,994,4
3603,1915,661,1
3604,2344,60,1
3605,4140,771,3
3606,918,691,2
3607,549,532,5
3608,3475,400,4
3609,2812,226,1
3610,3378,698,3
3611,1396,655,2
3612,4017,372,4
3613,3141,231,5
3614,1964,771,2
3615,3811,583,1
3616,1774,117,5
3617,1776,350,1
3618,3941,19,3
3619,178,730,2
3620,1825,937,4
3621,624,978,2
3622,3168,274,5
3623,1720,413,3
3624,2192,538,2
3625,1781,221,3
3626,3690,432,1
3627,1517,674,1
3628,877,983,1
3629,4102,41,3
3630,759,697,5
3631,3563,208,5
3632,3203,93,2
3633,3097,484,2
3634,2161,101,5
3635,677,165,1
3636,625,62,1
3637,3804,554,4
3638,2083,570,4
3639,3776,643,3
3640,300,125,4
3641,3341,16,3
3642,2060,145,4
3643,3033,672,5
3644,2483,117,3
3645,2233,959,3
3646,4043,642,1
3647,3841,688,2
3648,1258,400,1
3649,3487,310,2
3650,389,200,3
3651,3693,988,2
3652,2566,743,3
3653,3854,440,3
3654,2184,489,5
3655,690,620,1
3656,220,833,4
3657,4790,954,1
3658,3076,566,3
3659,1367,243,2
3660,1160,70,3
3661,4770,147,2
3662,2844,875,4
3663,3939,774,2
3664,1067,424,3
3665,4719,708,2
3666,934,867,3
3667,3711,871,3
3668,1331,98,3
3669,3791,163,5
3670,2015,515,4
3671,4165,385,1
3672,3744,179,4
3673,240,476,1
3674,1124,963,2
3675,974,659,5
3676,1201,109,4
3677,676,959,3
3678,4298,701,5
3679,958,381,4
3680,3385,988,4
3681,1247,203,3
3682,3725,165,2
3683,3844,832,5
3684,565,943,4
3685,4510,5,2
3686,2877,410,4
3687,1924,753,4
3688,2255,720,4
3689,3041,188,1
3690,4587,759,3
3691,2919,302,3
3692,3063,807,3
3693,673,216,1
3694,3727,237,5
3695,87,40,1
3696,3472,124,3
3697,2726,817,3
3698,2611,750,5
3699,3012,604,1
3700,2981,313,2
3701,1462,133,1
3702,4275,928,4
3703,4448,827,4
3704,4258,628,5
3705,1061,852,2
3706,3953,84,2
3707,670,653,1
3708,1157,87,1
3709,4288,417,5
3710,4331,723,4
3711,3742,517,5
3712,382,936,5
3713,1142,900,1
3714,1848,219,4
3715,2326,999,5
3716,1756,158,4
3717,3322,753,5
3718,3130,177,3
3719,1763,325,3
3720,3707,451,3
3721,2761,776,2
3722,4085,782,3
3723,1689,176,3
3724,243,18,4
3725,805,834,4
3726,1952,407,1
3727,3011,421,4
3728,513,851,4
3729,4330,823,1
3730,3359,104,3
3731,3661,972,2
3732,4337,245,1
3733,4306,185,3
3734,4922,200,1
3735,4786,156,4
3736,369,464,2
3737,3911,109,3
3738,973,793,2
3739,1306,606,3
3740,3960,533,5
3741,3876,609,4
3742,4023,835,4
3743,4356,133,2
3744,1127,872,3
3745,400,611,2
3746,3584,384,2
3747,2841,309,2
3748,557,886,5
3749,4366,953,5
3750,2797,468,4
3751,2159,127,4
3752,2887,563,5
3753,4356,745,5
3754,4912,630,4
3755,2501,964,1
3756,4446,429,5
3757,3477,637,4
3758,1675,711,5
3759,2997,104,1
3760,1432,124,2
3761,3851,841,4
3762,1346,516,5
3763,72,800,1
3764,4785,205,4
3765,1561,994,1
3766,4737,573,1
3767,1160,33,1
3768,361,250,3
3769,1182,343,4
3770,411,267,5
3771,2362,146,2
3772,1997,189,5
3773,4245,217,1
3774,3924,353,4
3775,2064,323,1
3776,3411,681,5
3777,1815,669,2
3778,3777,734,5
3779,761,856,1
3780,3965,370,3
3781,3293,515,4
3782,1488,953,4
3783,3813,138,4
3784,3761,234,3
3785,964,988,3
3786,4515,173,5
3787,3263,949,3
3788,2032,317,5
3789,1186,38,1
3790,4187,349,2
3791,1075,91,3
3792,288,653,3
3793,82,439,3
3794,4541,566,1
3795,21,682,5
3796,2685,60,1
3797,2068,58,1
3798,4517,131,2
3799,3850,827,2
3800,3430,418,1
3801,4357,474,5
3802,845,252,4
3803,2200,909,3
3804,1544,520,2
3805,2385,260,5
3806,2116,564,4
3807,4321,539,3
3808,2469,754,2
3809,4384,110,5
3810,4608,701,5
3811,954,937,4
3812,2636,273,4
3813,4866,486,4
3814,2597,25,3
3815,4020,793,3
3816,3068,618,4
3817,2769,465,5
3818,1398,322,1
3819,2999,892,2
3820,2713,797,5
3821,897,464,3
3822,1714,299,1
3823,4401,73,3
3824,3088,913,1
3825,3482,913,5
3826,4055,192,1
3827,2356,804,4
3828,1831,502,5
3829,3147,42,2
3830,2512,51,2
3831,3816,37,1
3832,4435,477,2
3833,2892,282,5
3834,2107,810,1
3835,968,900,1
3836,4247,944,5
3837,3066,76,5
3838,3325,892,5
3839,3823,625,1
3840,2248,541,2
3841,1379,781,1
3842,3854,66,2
3843,3095,632,3
3844,3664,413,5
3845,888,384,1
3846,2982,226,5
3847,4992,61,4
3848,3201,412,5
3849,4323,178,3
3850,4742,946,2
3851,4266,399,4
3852,3331,731,4
3853,2011,658,2
3854,3544,54,4
3855,2913,606,5
3856,1483,224,3
3857,814,998,3
3858,3369,88,3
3859,263,763,5
3860,1619,431,1
3861,4261,473,4
3862,2897,892,5
3863,260,694,5
3864,1611,565,3
3865,1504,480,4
3866,2488,806,2
3867,2481,592,1
3868,1710,220,4
3869,2444,543,2
3870,3962,48,4
3871,1174,745,1
3872,1701,781,4
3873,968,910,3
3874,4040,587,5
3875,2694,932,5
3876,2384,299,4
3877,1158,977,3
3878,65,167,3
3879,4727,381,4
3880,4733,635,5
3881,1258,351,4
3882,4264,315,5
3883,3134,574,4
3884,2180,263,3
3885,1225,898,5
3886,750,62,3
3887,2637,364,3
3888,4180,734,4
3889,1656,162,4
3890,2071,30,2
3891,240,347,4
3892,500,971,4
3893,2441,114,4
3894,1351,722,5
3895,2522,701,5
3896,635,334,5
3897,3865,111,1
3898,4249,413,3
3899,1463,520,4
3900,292,850,5
3901,2839,370,5
3902,858,189,1
3903,40,9,3
3904,2666,955,5
3905,1778,539,2
3906,4047,458,5
3907,3046,626,1
3908,4158,815,4
3909,2358,869,5
3910,3410,750,4
3911,155,501,1
3912,4140,566,4
3913,4380,181,1
3914,3403,259,4
3915,626,735,2
3916,1529,647,5
3917,1770,835,3
3918,4316,948,2
3919,2210,814,1
3920,3005,624,3
3921,4196,674,3
3922,4157,292,4
3923,4347,261,1
3924,946,996,1
3925,4301,516,3
3926,1413,270,5
3927,1098,710,3
3928,2707,597,2
3929,3904,771,1
3930,1176,524,2
3931,4924,245,1
3932,4351,412,4
3933,2966,791,4
3934,1126,602,4
3935,4454,744,4
3936,379,635,2
3937,428,384,3
3938,2713,927,4
3939,4854,17,5
3940,605,130,4
3941,4306,983,2
3942,2800,930,4
3943,2139,822,5
3944,2664,817,4
3945,97,406,5
3946,2321,452,5
3947,1594,500,2
3948,347,338,1
3949,1568,945,4
3950,4854,333,2
3951,539,994,1
3952,455,403,3
3953,4508,919,3
3954,3212,170,3
3955,2756,331,4
3956,2391,115,5
3957,4962,264,2
3958,4925,854,2
3959,1688,333,5
3960,4100,608,5
3961,2371,434,4
3962,4027,206,1
3963,939,524,5
3964,3053,399,4
3965,3273,606,4
3966,2938,55,5
3967,4324,194,1
3968,2393,140,2
3969,304,404,5
3970,4066,627,2
3971,1996,748,1
3972,2850,270,5
3973,2406,81,1
3974,4855,533,3
3975,397,882,5
3976,1960,217,5
3977,2319,927,2
3978,4232,102,1
3979,3203,106,5
3980,3018,236,2
3981,2411,8,3
3982,254,865,1
3983,855,56,5
3984,1605,237,3
3985,4776,617,2
3986,4086,76,5
3987,3396,603,2
3988,3313,834,5
3989,2209,232,5
3990,1750,759,3
3991,1865,509,5
3992,4089,682,3
3993,4132,99,3
3994,1519,761,5
3995,4910,275,2
3996,4749,53,4
3997,2259,622,1
3998,947,485,5
3999,3937,684,1
4000,1496,391,3
