id,pedido_id,valor,metodo
1,77,2167.55,pix
2,248,63.64,boleto
3,4915,2936.17,cartao_credito
4,1347,1947.29,boleto
5,4861,1283.32,boleto
6,4241,105.66,pix
7,320,568.66,pix
8,305,1358.3,cartao_credito
9,2273,168.62,pix
10,1064,179.38,pix
11,1318,1525.45,boleto
12,4394,2314.98,cartao_credito
13,3155,2010.81,boleto
14,837,289.41,pix
15,4468,1263.3,boleto
16,2013,2588.4,pix
17,2321,607.47,pix
18,3013,1809.3,pix
19,2884,2243.31,pix
20,211,1192.21,boleto
21,1733,2785.29,boleto
22,3742,1658.1,pix
23,1651,1759.49,cartao_credito
24,2415,1575.87,pix
25,3556,1030.72,pix
26,4181,1107.32,boleto
27,603,1696.21,boleto
28,1399,961.12,cartao_credito
29,4720,2862.08,cartao_credito
30,2260,35.77,cartao_credito
31,759,2992.7,pix
32,4058,430.87,pix
33,2294,2260.32,boleto
34,1974,531.04,cartao_credito
35,665,2937.6,pix
36,412,1105.23,cartao_credito
37,449,2933.66,boleto
38,4982,1392.92,pix
39,4649,1002.35,cartao_credito
40,4825,1175.01,pix
41,290,2195.14,pix
42,3927,969.53,boleto
43,420,894.2,cartao_credito
44,45,2906.99,cartao_credito
45,2010,2468.18,pix
46,1826,1269.54,cartao_credito
47,1738,838.54,cartao_credito
48,2180,2879.77,boleto
49,3903,1950.81,boleto
50,4148,346.97,cartao_credito
51,74,2592.23,pix
52,1669,659.66,cartao_credito
53,1230,396.58,pix
54,3946,853.11,boleto
55,3451,1700.89,boleto
56,951,350.43,cartao_credito
57,3005,1801.39,boleto
58,4083,2975.19,boleto
59,512,1575.9,boleto
60,4265,2778.75,boleto
61,3119,2838.34,boleto
62,453,1939.76,pix
63,1787,793.75,pix
64,698,1122.99,pix
65,566,2280.89,cartao_credito
66,2885,1719.77,pix
67,4545,2355.02,pix
68,2174,727.67,cartao_credito
69,3786,772.11,cartao_credito
70,419,532.75,pix
71,3851,1846.12,cartao_credito
72,4574,1165.51,boleto
73,4799,109.52,boleto
74,3619,572.47,pix
75,41,2017.16,boleto
76,3714,884.57,cartao_credito
77,4604,1552.91,pix
78,2724,1818.32,pix
79,4422,1889.79,pix
80,1984,921.01,pix
81,814,1078.35,cartao_credito
82,4042,2561.69,boleto
83,3883,1197.73,cartao_credito
84,4669,697.75,pix
85,2852,1194.67,pix
86,230,2634.56,boleto
87,1852,2121.83,cartao_credito
88,1672,1988.83,cartao_credito
89,4309,2910.55,pix
90,2636,338.7,cartao_credito
91,927,1029.46,boleto
92,1024,2883.27,cartao_credito
93,294,1209.52,cartao_credito
94,3179,2294.49,boleto
95,3850,1762.14,boleto
96,1249,2983.77,boleto
97,3257,514.53,cartao_credito
98,1640,2999.21,pix
99,623,1019.16,cartao_credito
100,2651,798.08,pix
101,3792,2727.32,boleto
102,2920,1649.36,pix
103,769,1959.54,boleto
104,1350,920.99,cartao_credito
105,737,901.44,cartao_credito
106,2025,1388.27,boleto
107,914,719.31,cartao_credito
108,1532,2452.26,cartao_credito
109,229,214.67,boleto
110,1210,1090.4,cartao_credito
111,324,66.61,boleto
112,2930,920.6,cartao_credito
113,1735,2974.29,boleto
114,3291,1316.61,boleto
115,834,1215.09,boleto
116,175,1726.78,cartao_credito
117,89,391.82,cartao_credito
118,3055,2650.26,pix
119,2119,411.32,pix
120,3280,986.36,cartao_credito
121,3522,789.08,cartao_credito
122,2876,182.76,cartao_credito
123,3503,333.86,boleto
124,899,1449.83,pix
125,4572,1075.55,pix
126,4574,1158.0,cartao_credito
127,2372,1173.75,pix
128,4937,2911.09,cartao_credito
129,3927,2163.21,boleto
130,1922,1702.42,boleto
131,3490,1047.48,cartao_credito
132,2688,2573.72,pix
133,1083,1932.41,boleto
134,2280,2152.19,pix
135,1320,110.05,pix
136,105,1187.27,pix
137,3579,1077.13,boleto
138,2348,1045.22,cartao_credito
139,4287,347.68,cartao_credito
140,369,2336.82,boleto
141,3753,1656.62,pix
142,1832,2031.64,pix
143,2965,1013.27,cartao_credito
144,1025,2301.15,pix
145,3066,1719.55,pix
146,413,1053.51,pix
147,2910,847.01,boleto
148,1257,691.07,boleto
149,1201,91.94,boleto
150,2380,746.19,cartao_credito
151,576,330.48,pix
152,4422,1246.87,boleto
153,4980,1852.87,pix
154,4942,812.61,boleto
155,4398,787.61,boleto
156,1105,1273.19,boleto
157,4928,1606.52,pix
158,4021,2706.03,boleto
159,4332,802.33,boleto
160,3889,1967.15,cartao_credito
161,1772,2577.3,pix
162,4718,1274.41,pix
163,3868,1256.13,pix
164,1333,1621.36,boleto
165,968,1543.76,cartao_credito
166,3181,2117.1,pix
167,3420,1375.9,pix
168,280,1735.53,boleto
169,4190,2608.22,cartao_credito
170,4061,2496.93,boleto
171,3697,173.62,pix
172,2579,2744.16,pix
173,4499,1768.89,boleto
174,3881,363.57,cartao_credito
175,1817,2652.07,cartao_credito
176,3174,505.36,cartao_credito
177,2227,2236.75,boleto
178,3662,1329.38,pix
179,3430,839.86,cartao_credito
180,1219,443.58,boleto
181,4539,662.39,pix
182,7,2734.68,boleto
183,4413,408.48,cartao_credito
184,2679,2806.9,boleto
185,4292,2319.75,pix
186,1314,537.31,pix
187,860,316.98,cartao_credito
188,4769,1292.56,cartao_credito
189,2517,588.84,pix
190,4872,1711.32,cartao_credito
191,4092,71.62,boleto
192,610,1526.42,pix
193,2264,1489.53,pix
194,1542,2126.0,pix
195,2366,102.42,boleto
196,1050,2169.62,boleto
197,4122,436.24,boleto
198,2829,2779.52,pix
199,1630,818.23,pix
200,3262,91.35,cartao_credito
201,891,2035.84,cartao_credito
202,3596,2155.77,cartao_credito
203,4775,2123.75,pix
204,2632,295.7,cartao_credito
205,2501,965.76,cartao_credito
206,369,1130.31,boleto
207,3417,2569.38,pix
208,4947,1236.54,cartao_credito
209,4083,2596.6,pix
210,2521,567.43,pix
211,4927,760.5,cartao_credito
212,1733,521.32,cartao_credito
213,3147,579.85,cartao_credito
214,1149,569.27,boleto
215,834,1515.2,pix
216,2865,2077.81,boleto
217,4610,1322.71,pix
218,4488,1466.0,cartao_credito
219,277,2109.62,pix
220,1861,795.43,boleto
221,4435,249.54,cartao_credito
222,4155,1894.0,cartao_credito
223,896,579.42,cartao_credito
224,704,505.2,cartao_credito
225,858,1775.36,cartao_credito
226,3724,459.91,boleto
227,1422,202.61,cartao_credito
228,1856,1440.1,cartao_credito
229,3008,155.15,pix
230,865,2297.17,boleto
231,1727,953.04,cartao_credito
232,1143,2290.0,cartao_credito
233,353,216.75,boleto
234,1083,1191.23,pix
235,4733,1893.99,pix
236,3990,2541.03,pix
237,1148,1418.45,cartao_credito
238,1758,1343.95,boleto
239,1425,698.98,boleto
240,4531,854.07,pix
241,1264,2667.45,pix
242,1811,782.79,cartao_credito
243,692,2200.94,boleto
244,1098,803.45,pix
245,3063,1609.93,boleto
246,2348,1661.91,cartao_credito
247,2474,2299.87,pix
248,2482,967.33,cartao_credito
249,703,1002.04,pix
250,3144,714.22,pix
251,1250,387.93,pix
252,3974,1541.02,cartao_credito
253,4940,355.36,boleto
254,2028,2493.25,boleto
255,1807,1048.39,pix
256,654,1805.12,cartao_credito
257,2078,2631.62,cartao_credito
258,368,567.41,boleto
259,3776,40.88,cartao_credito
260,4811,1028.21,boleto
261,1312,151.83,pix
262,3909,533.41,boleto
263,431,1471.65,cartao_credito
264,1849,2686.73,cartao_credito
265,2123,62.77,boleto
266,1221,2721.49,boleto
267,660,34.4,cartao_credito
268,1539,1738.22,cartao_credito
269,2142,2840.07,cartao_credito
270,3187,955.19,cartao_credito
271,2214,1564.0,pix
272,3532,976.91,boleto
273,1310,234.92,boleto
274,2532,567.7,cartao_credito
275,543,33.51,pix
276,611,1829.37,boleto
277,4674,890.15,pix
278,2658,843.6,cartao_credito
279,2002,203.57,pix
280,405,2557.67,boleto
281,2238,2600.99,boleto
282,1904,1593.02,cartao_credito
283,4917,267.06,cartao_credito
284,4028,1014.22,cartao_credito
285,3305,2425.01,boleto
286,3438,1525.36,boleto
287,914,1724.9,pix
288,2943,75.7,cartao_credito
289,562,467.52,boleto
290,2300,745.4,cartao_credito
291,2220,2812.6,boleto
292,3448,2587.69,pix
293,2616,1541.71,boleto
294,3296,2551.84,boleto
295,2293,1725.03,pix
296,1495,1394.95,pix
297,4881,1169.75,boleto
298,1055,1991.86,cartao_credito
299,3679,2380.55,boleto
300,3888,409.23,pix
301,4091,2678.9,boleto
302,4766,954.54,pix
303,303,1088.89,boleto
304,1506,1874.53,boleto
305,785,2558.06,cartao_credito
306,2190,570.28,boleto
307,380,2103.83,boleto
308,2878,2497.72,cartao_credito
309,2179,115.05,boleto
310,812,2368.08,cartao_credito
311,2216,196.53,pix
312,1648,1114.37,boleto
313,3793,1967.49,boleto
314,1325,713.93,cartao_credito
315,1505,990.76,boleto
316,3656,1027.89,boleto
317,3237,968.85,cartao_credito
318,1641,2928.57,boleto
319,4419,146.72,boleto
320,935,1498.04,boleto
321,1132,2409.31,cartao_credito
322,4210,2798.21,pix
323,4618,542.01,boleto
324,4980,2866.7,cartao_credito
325,2517,119.68,pix
326,1902,425.32,boleto
327,1048,1784.1,cartao_credito
328,4583,1090.04,pix
329,2947,2808.4,cartao_credito
330,3063,680.7,cartao_credito
331,2549,455.45,boleto
332,3011,1498.1,boleto
333,107,2730.91,boleto
334,4297,1494.92,pix
335,1319,1140.77,cartao_credito
336,2676,2235.46,boleto
337,764,2541.07,pix
338,4722,2497.91,pix
339,4522,875.37,boleto
340,829,874.74,boleto
341,4247,1995.25,boleto
342,4993,2232.22,boleto
343,2065,365.96,pix
344,748,2029.8,cartao_credito
345,1551,1218.45,pix
346,878,2476.35,pix
347,748,192.44,pix
348,1086,1288.53,pix
349,2374,2181.73,pix
350,1310,2202.49,boleto
351,2373,636.96,boleto
352,501,1251.36,pix
353,2665,519.13,pix
354,344,2389.47,boleto
355,709,2405.94,cartao_credito
356,4976,1156.92,cartao_credito
357,238,2723.93,boleto
358,1331,2907.57,cartao_credito
359,919,248.2,cartao_credito
360,2160,1784.48,cartao_credito
361,1470,1280.61,pix
362,295,885.87,pix
363,2918,717.64,boleto
364,2980,2994.12,pix
365,4287,2010.5,pix
366,2921,580.7,boleto
367,1767,2378.63,cartao_credito
368,3858,441.05,boleto
369,2580,2925.71,boleto
370,4799,1622.94,cartao_credito
371,2558,195.08,pix
372,3686,2851.01,pix
373,2395,246.41,boleto
374,4151,1192.59,boleto
375,1034,1904.91,pix
376,4772,2670.18,pix
377,376,2660.2,pix
378,1406,2240.32,pix
379,345,1492.28,pix
380,2958,257.69,cartao_credito
381,1063,1947.38,boleto
382,3986,1966.15,pix
383,3401,2397.79,boleto
384,4415,1098.33,boleto
385,1050,1153.39,boleto
386,4248,1274.28,boleto
387,2868,240.55,cartao_credito
388,4090,940.6,boleto
389,2465,320.83,pix
390,293,1470.98,cartao_credito
391,1801,2706.04,cartao_credito
392,2233,1688.44,boleto
393,3143,845.12,cartao_credito
394,2736,1774.3,cartao_credito
395,4283,1389.23,pix
396,4107,1376.28,cartao_credito
397,1472,1020.26,boleto
398,3356,241.31,boleto
399,2243,136.04,pix
400,1375,2491.52,cartao_credito
401,1051,2429.73,boleto
402,4403,2872.81,pix
403,3395,991.16,boleto
404,2192,2955.28,pix
405,2065,2564.24,pix
406,1762,2083.0,boleto
407,100,135.71,pix
408,3421,846.58,boleto
409,2173,1699.93,cartao_credito
410,2846,617.16,cartao_credito
411,3154,817.06,cartao_credito
412,3085,694.15,boleto
413,1069,1398.44,cartao_credito
414,4137,1664.53,boleto
415,2773,687.48,cartao_credito
416,1828,1038.81,pix
417,2715,1765.96,pix
418,3152,2795.5,cartao_credito
419,2750,1366.28,pix
420,572,1277.12,pix
421,3966,1797.15,cartao_credito
422,2876,2273.24,boleto
423,4758,1796.88,cartao_credito
424,2477,1852.42,boleto
425,2801,820.21,cartao_credito
426,4315,737.68,boleto
427,1981,1182.97,pix
428,2084,1491.9,boleto
429,4468,2094.36,cartao_credito
430,1972,778.15,cartao_credito
431,3320,2709.8,cartao_credito
432,825,1591.15,pix
433,2629,1594.82,cartao_credito
434,4689,1404.09,cartao_credito
435,3809,603.16,pix
436,70,1684.17,cartao_credito
437,3254,850.54,boleto
438,817,633.47,pix
439,2138,797.81,pix
440,418,2220.46,pix
441,2488,2847.89,boleto
442,4345,1126.79,cartao_credito
443,1596,1454.51,boleto
444,3011,1998.83,boleto
445,2463,382.38,cartao_credito
446,201,1169.47,cartao_credito
447,3545,1112.72,pix
448,3021,2421.82,cartao_credito
449,1655,1712.89,cartao_credito
450,2241,1360.39,pix
451,389,1478.31,cartao_credito
452,4960,442.48,cartao_credito
453,2508,2077.02,cartao_credito
454,1467,184.93,cartao_credito
455,3382,2604.14,pix
456,3819,2250.37,pix
457,1102,131.4,pix
458,3953,1701.4,cartao_credito
459,521,1884.32,pix
460,1627,193.61,pix
461,4924,1090.63,pix
462,767,2826.14,pix
463,1943,2146.53,boleto
464,4776,2345.2,cartao_credito
465,271,859.96,cartao_credito
466,2610,2621.44,pix
467,322,1774.23,boleto
468,3378,1351.5,boleto
469,1135,1461.88,boleto
470,2406,2216.82,boleto
471,3485,2560.96,pix
472,4680,2961.49,boleto
473,3966,1918.63,pix
474,967,1721.85,cartao_credito
475,4315,1815.65,cartao_credito
476,819,602.79,boleto
477,2056,439.6,boleto
478,1995,775.11,cartao_credito
479,4252,1821.37,pix
480,4085,1599.92,pix
481,224,1705.75,cartao_credito
482,1917,2016.45,boleto
483,1557,2464.44,cartao_credito
484,3794,785.54,boleto
485,2349,2012.81,pix
486,3089,2202.9,boleto
487,2778,1800.49,boleto
488,1039,227.0,cartao_credito
489,76,309.28,cartao_credito
490,4651,1227.04,boleto
491,4697,626.61,cartao_credito
492,242,2084.21,cartao_credito
493,1950,1047.41,pix
494,178,1994.05,boleto
495,1834,2270.19,pix
496,354,2817.75,boleto
497,1660,779.71,boleto
498,2343,329.11,boleto
499,4239,1340.15,pix
500,1542,914.83,cartao_credito
501,1325,116.41,cartao_credito
502,3326,1593.59,pix
503,1637,2302.26,pix
504,4913,525.32,cartao_credito
505,3438,669.84,boleto
506,1789,2106.29,cartao_credito
507,1572,1682.04,pix
508,2654,1197.68,pix
509,2275,800.18,pix
510,1011,338.62,pix
511,3758,518.01,boleto
512,1737,2628.76,boleto
513,2290,992.45,boleto
514,337,2136.95,cartao_credito
515,3918,530.93,boleto
516,74,788.63,boleto
517,951,1046.83,cartao_credito
518,3746,1748.61,boleto
519,2963,990.35,pix
520,3680,1477.94,cartao_credito
521,578,509.41,pix
522,4217,2833.38,cartao_credito
523,2753,2838.96,pix
524,1533,954.85,boleto
525,1012,2733.31,pix
526,3579,523.55,cartao_credito
527,371,1443.85,pix
528,1285,2244.93,pix
529,2791,1711.88,pix
530,531,2529.89,pix
531,214,2397.85,cartao_credito
532,4396,1910.08,cartao_credito
533,3999,553.86,pix
534,4838,2565.67,pix
535,1554,2818.07,boleto
536,2664,795.91,cartao_credito
537,4326,1880.56,boleto
538,58,1339.81,boleto
539,64,2412.48,boleto
540,4805,2710.99,cartao_credito
541,4961,31.79,cartao_credito
542,4000,197.31,pix
543,3546,407.75,pix
544,4500,1418.32,boleto
545,1137,429.37,pix
546,3926,603.88,cartao_credito
547,4970,570.23,boleto
548,2153,900.27,pix
549,2844,1896.65,pix
550,579,499.28,boleto
551,1663,1787.07,boleto
552,2288,100.58,pix
553,119,1205.7,boleto
554,664,2013.63,cartao_credito
555,732,2692.48,pix
556,4369,2060.24,pix
557,3955,1202.14,cartao_credito
558,108,2784.76,boleto
559,1943,1464.84,pix
560,2363,2508.28,boleto
561,2501,2508.86,cartao_credito
562,1145,2672.44,pix
563,320,289.39,cartao_credito
564,1435,91.31,pix
565,4727,1193.42,boleto
566,3284,2992.41,pix
567,4115,679.01,boleto
568,4759,913.34,pix
569,219,813.52,cartao_credito
570,1995,270.37,pix
571,545,2111.33,cartao_credito
572,3814,241.43,boleto
573,4407,1334.82,cartao_credito
574,3215,473.09,pix
575,1527,2668.94,boleto
576,3356,2721.58,pix
577,779,471.84,boleto
578,1352,123.55,boleto
579,2572,1529.83,boleto
580,2379,683.44,pix
581,1096,1610.93,boleto
582,286,1448.47,cartao_credito
583,2909,2378.04,boleto
584,1118,1426.06,cartao_credito
585,4473,2646.02,boleto
586,3977,592.94,pix
587,4777,1946.14,pix
588,1414,380.08,pix
589,2000,269.89,cartao_credito
590,3671,2933.18,boleto
591,3313,2092.81,cartao_credito
592,2181,1482.58,boleto
593,1240,983.28,boleto
594,2779,2162.41,cartao_credito
595,2602,1362.69,pix
596,1160,2457.59,boleto
597,2858,1129.92,pix
598,2411,1412.4,cartao_credito
599,179,256.7,pix
600,3989,2429.29,boleto
601,3438,628.87,cartao_credito
602,2509,740.8,pix
603,1444,2131.46,pix
604,2814,2008.71,pix
605,3941,985.33,boleto
606,2457,2074.0,boleto
607,1395,1374.43,cartao_credito
608,3121,2431.09,boleto
609,718,2505.8,cartao_credito
610,3742,615.23,pix
611,2278,1835.43,cartao_credito
612,308,2280.01,cartao_credito
613,2286,2914.4,cartao_credito
614,2336,1136.26,boleto
615,2253,2610.49,boleto
616,3539,2745.27,pix
617,233,79.91,pix
618,306,2231.61,pix
619,3183,1851.46,boleto
620,1052,2044.01,pix
621,2264,2021.36,cartao_credito
622,3088,1961.38,cartao_credito
623,1901,1629.63,pix
624,851,1961.45,pix
625,2736,2298.85,boleto
626,4710,2011.51,boleto
627,1903,487.05,boleto
628,3877,2562.94,boleto
629,16,727.95,cartao_credito
630,2582,60.16,boleto
631,2889,1911.43,pix
632,375,2682.41,cartao_credito
633,4722,547.84,boleto
634,3432,1049.22,pix
635,510,767.5,pix
636,354,2183.71,pix
637,2176,683.94,pix
638,4759,2982.66,pix
639,4800,2955.29,boleto
640,2816,861.96,boleto
641,3560,105.67,boleto
642,2098,2527.6,cartao_credito
643,4777,1058.84,boleto
644,926,1304.32,boleto
645,4072,2918.27,pix
646,1311,2591.91,boleto
647,970,400.34,pix
648,3410,1869.97,boleto
649,1629,2997.58,cartao_credito
650,277,1312.69,boleto
651,3840,956.4,cartao_credito
652,3379,1206.47,cartao_credito
653,2012,2462.86,boleto
654,4092,2580.9,boleto
655,2182,1278.75,pix
656,239,952.83,pix
657,2676,63.62,cartao_credito
658,4930,751.42,cartao_credito
659,4509,332.97,cartao_credito
660,3961,2814.14,boleto
661,2128,2916.69,boleto
662,1055,387.65,pix
663,40,2266.56,boleto
664,2307,2849.8,cartao_credito
665,4124,1740.85,cartao_credito
666,4256,2600.02,pix
667,3445,1851.38,boleto
668,4908,2960.04,boleto
669,3022,2483.32,pix
670,487,147.63,cartao_credito
671,838,1369.39,cartao_credito
672,3401,1691.12,cartao_credito
673,4675,1438.24,cartao_credito
674,358,86.71,boleto
675,3766,1079.8,boleto
676,2766,793.79,boleto
677,2275,1500.06,pix
678,1995,2741.1,cartao_credito
679,1199,410.8,boleto
680,950,1621.26,cartao_credito
681,4795,2719.25,pix
682,1400,1141.28,cartao_credito
683,2526,979.21,cartao_credito
684,2322,2243.63,boleto
685,4807,1565.86,cartao_credito
686,3623,1492.08,pix
687,623,2771.44,boleto
688,3243,2059.58,boleto
689,753,1714.99,boleto
690,4517,2109.65,boleto
691,4802,2115.22,boleto
692,4927,1876.34,cartao_credito
693,3986,2221.26,pix
694,1432,1880.2,pix
695,990,603.87,pix
696,4556,2721.19,boleto
697,3151,1688.84,cartao_credito
698,2301,354.03,pix
699,791,2759.1,boleto
700,580,2697.47,boleto
701,3079,1590.14,cartao_credito
702,4498,1387.11,pix
703,1432,1203.58,boleto
704,4437,2513.26,pix
705,1957,1356.61,boleto
706,1944,2411.13,pix
707,3617,1878.24,pix
708,1895,2698.99,boleto
709,2289,2450.66,pix
710,223,1774.95,boleto
711,289,1830.28,cartao_credito
712,2435,2701.4,cartao_credito
713,578,44.82,boleto
714,3786,2152.42,pix
715,3790,1121.9,cartao_credito
716,1944,1628.04,pix
717,2045,2785.49,cartao_credito
718,3312,709.64,pix
719,648,84.18,pix
720,4254,739.85,pix
721,4295,1171.77,pix
722,1460,441.01,boleto
723,1892,630.54,cartao_credito
724,655,2699.44,pix
725,4910,1904.96,boleto
726,3637,868.57,pix
727,4507,2623.73,boleto
728,217,118.78,boleto
729,3182,2933.89,boleto
730,4054,1664.58,cartao_credito
731,2180,599.12,pix
732,2885,460.1,cartao_credito
733,3543,2833.9,boleto
734,3297,2253.34,cartao_credito
735,2044,2200.67,pix
736,4412,2441.18,cartao_credito
737,534,2907.04,cartao_credito
738,526,723.97,pix
739,1817,1039.23,cartao_credito
740,4701,1343.29,pix
741,4734,1096.22,cartao_credito
742,4987,768.93,boleto
743,476,2085.73,cartao_credito
744,4087,2631.5,pix
745,2340,1995.14,boleto
746,1238,1708.21,pix
747,3104,2593.93,boleto
748,993,1455.55,boleto
749,2989,2152.52,cartao_credito
750,1745,1828.35,boleto
751,4933,2269.38,boleto
752,3218,391.16,cartao_credito
753,502,2512.78,boleto
754,817,531.5,boleto
755,1522,120.57,boleto
756,4616,2147.23,boleto
757,3503,1929.94,boleto
758,1417,1432.52,boleto
759,99,900.66,cartao_credito
760,3358,484.45,boleto
761,4299,1642.75,boleto
762,421,1383.28,boleto
763,885,1658.62,cartao_credito
764,1033,498.4,pix
765,680,1374.12,pix
766,4895,1880.12,cartao_credito
767,3817,2371.73,boleto
768,1859,356.39,pix
769,2409,564.35,pix
770,1545,2538.32,boleto
771,1432,801.26,boleto
772,2151,1481.54,boleto
773,1474,246.14,pix
774,3742,2484.29,pix
775,815,2428.15,boleto
776,4941,1782.7,cartao_credito
777,34,1552.87,pix
778,2132,1567.54,boleto
779,2004,1796.48,cartao_credito
780,1271,588.56,pix
781,86,374.56,boleto
782,3169,695.98,boleto
783,819,1566.53,cartao_credito
784,4136,2504.68,boleto
785,2132,2933.88,cartao_credito
786,2602,89.23,pix
787,1503,221.0,cartao_credito
788,1282,381.87,cartao_credito
789,2184,1026.84,pix
790,4192,1474.93,cartao_credito
791,778,850.83,boleto
792,833,1554.51,cartao_credito
793,4448,886.38,boleto
794,2938,375.19,boleto
795,1525,478.75,cartao_credito
796,4070,1460.38,boleto
797,3389,887.81,boleto
798,174,1286.66,boleto
799,1636,2282.97,pix
800,2562,2229.15,pix
801,858,2112.73,boleto
802,4330,138.92,boleto
803,1949,2382.25,cartao_credito
804,3015,998.46,cartao_credito
805,2622,1761.17,pix
806,3042,1577.05,pix
807,1789,944.44,pix
808,4578,630.8,cartao_credito
809,1521,1255.49,boleto
810,2745,1623.04,cartao_credito
811,147,581.68,boleto
812,4507,1058.79,boleto
813,1583,345.96,pix
814,161,2276.05,pix
815,850,2078.73,pix
816,1267,1857.37,pix
817,3597,1243.98,boleto
818,4875,2799.5,pix
819,512,1684.41,pix
820,1945,2501.84,cartao_credito
821,4303,1530.11,boleto
822,3392,2155.02,cartao_credito
823,4660,2542.64,pix
824,3033,2534.63,pix
825,1418,1905.54,boleto
826,4856,1814.83,boleto
827,3904,2740.6,pix
828,1732,235.71,pix
829,3969,985.22,boleto
830,1113,2296.21,cartao_credito
831,4499,707.07,boleto
832,3249,1675.73,pix
833,1043,928.05,cartao_credito
834,3246,1066.41,pix
835,301,431.62,boleto
836,2133,2902.82,pix
837,1589,1841.21,pix
838,591,178.87,pix
839,1723,2302.19,boleto
840,1723,460.12,pix
841,337,1818.06,pix
842,2099,1958.63,pix
843,2298,589.6,cartao_credito
844,3351,519.35,cartao_credito
845,1264,2829.79,pix
846,3430,730.63,boleto
847,2213,2626.02,boleto
848,1089,1542.48,boleto
849,4116,307.26,boleto
850,4990,1537.12,cartao_credito
851,2447,2680.2,boleto
852,50,2903.25,cartao_credito
853,3225,2666.04,pix
854,1295,1343.51,pix
855,1980,2365.33,boleto
856,1859,1849.27,cartao_credito
857,4645,1072.3,pix
858,4180,2513.85,pix
859,593,1148.82,cartao_credito
860,3261,2058.41,boleto
861,4834,589.56,cartao_credito
862,1679,1810.36,boleto
863,2110,181.66,cartao_credito
864,1173,1335.15,cartao_credito
865,3537,503.49,cartao_credito
866,2402,1913.07,pix
867,3298,1539.2,cartao_credito
868,4770,617.97,pix
869,4438,548.43,pix
870,4829,2151.97,pix
871,1303,85.18,boleto
872,2472,1698.46,cartao_credito
873,2515,1173.98,boleto
874,2995,1014.6,cartao_credito
875,2441,2607.44,pix
876,609,147.79,boleto
877,3698,1525.85,pix
878,377,2056.19,cartao_credito
879,1411,2795.22,cartao_credito
880,3655,928.51,cartao_credito
881,1438,2765.48,cartao_credito
882,4833,385.77,boleto
883,56,1341.62,cartao_credito
884,1603,667.97,boleto
885,1786,598.18,cartao_credito
886,299,788.6,cartao_credito
887,2494,935.21,boleto
888,430,512.07,cartao_credito
889,3090,2196.54,pix
890,3856,881.73,cartao_credito
891,2292,640.59,boleto
892,1256,995.78,boleto
893,3518,518.48,pix
894,3053,2663.81,boleto
895,3623,525.68,boleto
896,3148,2687.34,pix
897,938,2613.76,pix
898,1372,1050.06,pix
899,4180,2329.68,pix
900,2406,1906.32,boleto
901,4399,1860.23,pix
902,3332,1645.46,pix
903,851,1484.45,boleto
904,4431,1106.75,boleto
905,3003,1557.2,pix
906,526,1680.69,boleto
907,3361,1308.33,pix
908,3619,2510.68,boleto
909,2306,2219.67,boleto
910,1498,946.93,boleto
911,2243,184.85,cartao_credito
912,3084,1758.8,pix
913,1545,1618.61,boleto
914,4460,1001.14,boleto
915,4718,1560.26,pix
916,2868,655.88,pix
917,4294,2018.44,boleto
918,2338,453.59,cartao_credito
919,1537,570.74,boleto
920,2035,2894.04,cartao_credito
921,4923,457.27,boleto
922,2355,96.44,pix
923,4376,2058.6,cartao_credito
924,2914,503.31,cartao_credito
925,909,1765.65,boleto
926,2885,741.05,pix
927,3404,1803.12,boleto
928,805,653.79,pix
929,4628,1351.39,pix
930,2406,1504.9,pix
931,24,2144.78,boleto
932,719,2590.21,cartao_credito
933,3169,1206.54,pix
934,1047,959.64,pix
935,319,141.9,boleto
936,4868,713.66,pix
937,2403,1375.85,cartao_credito
938,1270,677.25,pix
939,933,1575.68,cartao_credito
940,1779,205.74,cartao_credito
941,4158,1377.24,boleto
942,883,552.87,cartao_credito
943,2308,2673.53,boleto
944,3266,2425.98,pix
945,3292,648.63,cartao_credito
946,3948,2478.64,cartao_credito
947,572,962.96,boleto
948,4885,602.23,boleto
949,1286,604.38,cartao_credito
950,3217,924.3,pix
951,3783,390.57,boleto
952,1561,2023.94,cartao_credito
953,856,2572.52,boleto
954,2246,1883.13,pix
955,1674,1266.7,pix
956,4933,1225.54,cartao_credito
957,3167,592.19,boleto
958,2850,1503.64,boleto
959,2991,2396.09,boleto
960,3708,242.85,pix
961,4536,1880.9,pix
962,2207,301.82,boleto
963,4433,1917.86,cartao_credito
964,2438,1136.28,pix
965,719,2008.99,cartao_credito
966,314,2241.86,cartao_credito
967,2150,1796.99,boleto
968,2115,134.04,boleto
969,756,352.29,pix
970,1256,321.69,boleto
971,4285,911.04,boleto
972,2951,800.24,cartao_credito
973,3994,2985.74,boleto
974,238,453.41,cartao_credito
975,1513,1422.01,cartao_credito
976,107,1766.26,pix
977,4695,2129.35,boleto
978,2792,2033.34,cartao_credito
979,619,639.0,pix
980,339,428.88,cartao_credito
981,4154,1841.99,boleto
982,1229,2470.11,boleto
983,2448,2939.46,cartao_credito
984,1005,2461.19,cartao_credito
985,1076,2733.46,pix
986,4694,694.33,boleto
987,4876,1790.49,cartao_credito
988,3623,1407.23,cartao_credito
989,3118,2810.22,boleto
990,3528,2150.59,boleto
991,10,2362.65,cartao_credito
992,4324,2734.39,cartao_credito
993,4747,1103.94,cartao_credito
994,4184,2365.22,pix
995,1343,1163.62,boleto
996,1128,2865.11,boleto
997,3132,2586.24,pix
998,3206,524.53,pix
999,743,357.1,boleto
1000,1758,1909.05,cartao_credito
1001,329,1856.03,cartao_credito
1002,2634,2604.11,pix
1003,670,2523.2,pix
1004,2609,2565.58,cartao_credito
1005,1637,422.62,pix
1006,4340,1758.56,cartao_credito
1007,3084,2865.61,boleto
1008,1273,2112.33,cartao_credito
1009,4365,1069.17,pix
1010,4190,2858.86,boleto
1011,1604,1850.77,boleto
1012,1481,1237.75,boleto
1013,3961,2732.09,boleto
1014,438,2203.8,pix
1015,102,1781.91,cartao_credito
1016,1175,1054.42,boleto
1017,4783,2038.08,cartao_credito
1018,3994,2335.91,pix
1019,2986,2586.91,boleto
1020,2619,2848.41,pix
1021,2034,411.49,pix
1022,343,932.78,cartao_credito
1023,1817,2677.95,pix
1024,3771,2718.77,boleto
1025,4161,107.84,boleto
1026,435,650.64,pix
1027,1882,657.62,boleto
1028,182,247.1,boleto
1029,1723,2671.31,pix
1030,3009,80.46,boleto
1031,3649,1453.73,boleto
1032,3196,1110.78,cartao_credito
1033,2328,2324.18,pix
1034,2908,75.71,boleto
1035,4865,2834.25,boleto
1036,3072,1292.61,pix
1037,848,2528.7,boleto
1038,1144,501.46,pix
1039,12,2207.97,cartao_credito
1040,627,2837.12,pix
1041,1488,1381.3,cartao_credito
1042,2226,1206.62,boleto
1043,1147,609.21,boleto
1044,1347,2414.3,pix
1045,1167,157.57,boleto
1046,4810,1090.84,pix
1047,2586,580.57,pix
1048,631,305.21,boleto
1049,956,2555.2,pix
1050,827,379.92,cartao_credito
1051,1566,1611.08,pix
1052,992,461.78,pix
1053,2335,984.46,pix
1054,4859,695.45,boleto
1055,3565,2260.48,cartao_credito
1056,1942,385.79,cartao_credito
1057,2207,1580.16,cartao_credito
1058,3549,964.24,pix
1059,3441,511.91,boleto
1060,4490,352.79,cartao_credito
1061,2904,2085.35,cartao_credito
1062,467,75.36,boleto
1063,962,1237.23,boleto
1064,688,2698.33,pix
1065,237,281.29,boleto
1066,1257,982.02,pix
1067,2251,937.69,cartao_credito
1068,4368,1849.24,cartao_credito
1069,2857,2717.52,boleto
1070,2640,1011.97,boleto
1071,2764,881.27,boleto
1072,3954,2711.52,pix
1073,2592,831.81,pix
1074,1194,2969.78,pix
1075,1030,2591.54,boleto
1076,1500,188.97,cartao_credito
1077,4471,2581.94,boleto
1078,1658,994.45,cartao_credito
1079,3647,2276.7,pix
1080,2840,1621.58,cartao_credito
1081,4083,951.82,cartao_credito
1082,1643,272.59,cartao_credito
1083,2095,284.46,cartao_credito
1084,4131,2880.94,boleto
1085,3125,1403.67,cartao_credito
1086,3249,2190.93,cartao_credito
1087,3737,207.79,boleto
1088,4283,2285.92,pix
1089,1344,1798.24,cartao_credito
1090,1047,2308.67,pix
1091,2582,45.82,pix
1092,3478,1794.87,cartao_credito
1093,3749,241.74,pix
1094,1752,319.25,cartao_credito
1095,2993,1400.73,cartao_credito
1096,3450,974.45,boleto
1097,3627,2381.11,boleto
1098,3322,723.01,boleto
1099,622,1750.94,pix
1100,919,786.35,boleto
1101,1825,2741.86,cartao_credito
1102,842,2644.05,pix
1103,572,2453.44,cartao_credito
1104,4600,2451.03,pix
1105,4295,2962.38,pix
1106,4768,739.54,boleto
1107,4242,2705.92,pix
1108,483,720.25,pix
1109,842,871.78,boleto
1110,1018,2123.43,boleto
1111,1547,760.85,cartao_credito
1112,3849,2086.24,cartao_credito
1113,1185,142.43,cartao_credito
1114,2221,2787.73,cartao_credito
1115,3483,915.65,cartao_credito
1116,3511,2841.6,boleto
1117,3536,1657.68,pix
1118,2025,843.22,boleto
1119,1540,2356.23,pix
1120,4952,796.45,cartao_credito
1121,3137,1691.99,pix
1122,219,1832.8,pix
1123,2075,2487.15,cartao_credito
1124,2366,794.35,pix
1125,735,2400.59,boleto
1126,1764,2351.69,pix
1127,4872,1292.84,cartao_credito
1128,2835,1882.88,boleto
1129,1121,72.49,pix
1130,2215,1286.48,cartao_credito
1131,3454,1581.73,boleto
1132,1865,1406.19,boleto
1133,1006,1784.05,pix
1134,3144,837.94,boleto
1135,4365,2754.47,pix
1136,1720,90.11,pix
1137,3010,888.16,pix
1138,3755,1844.06,boleto
1139,4854,1058.25,cartao_credito
1140,1781,1919.63,cartao_credito
1141,4702,2275.92,pix
1142,2298,2641.51,boleto
1143,2883,622.76,boleto
1144,1713,1244.59,cartao_credito
1145,4881,1418.69,pix
1146,1868,1782.52,cartao_credito
1147,3157,119.68,boleto
1148,266,1862.7,boleto
1149,3170,108.35,cartao_credito
1150,2113,1933.02,boleto
1151,1486,857.63,pix
1152,4558,368.93,pix
1153,3928,2866.37,boleto
1154,2688,594.76,pix
1155,1274,988.21,cartao_credito
1156,415,420.47,cartao_credito
1157,3087,1352.57,boleto
1158,298,1581.33,boleto
1159,767,1481.03,pix
1160,1244,2809.36,cartao_credito
1161,1506,2410.65,cartao_credito
1162,1938,2959.37,cartao_credito
1163,3892,2705.28,boleto
1164,69,1426.92,pix
1165,3170,704.85,boleto
1166,316,1340.31,cartao_credito
1167,4246,243.89,cartao_credito
1168,669,1643.18,boleto
1169,3341,1560.88,pix
1170,981,2080.56,cartao_credito
1171,1954,1660.89,boleto
1172,2476,2613.33,boleto
1173,3785,2716.55,boleto
1174,4064,983.89,boleto
1175,3573,1398.08,pix
1176,4063,606.92,boleto
1177,4837,2295.45,cartao_credito
1178,1425,1526.22,cartao_credito
1179,4749,2575.95,pix
1180,2488,928.6,pix
1181,1099,1744.26,boleto
1182,140,2026.52,cartao_credito
1183,1946,1386.4,cartao_credito
1184,4770,1133.61,boleto
1185,3309,2862.64,cartao_credito
1186,546,390.16,boleto
1187,8,2214.23,pix
1188,4098,187.99,boleto
1189,3209,547.18,pix
1190,3925,1508.95,boleto
1191,2706,1209.51,cartao_credito
1192,2897,188.94,boleto
1193,3502,2286.24,boleto
1194,169,197.36,boleto
1195,4979,2905.83,boleto
1196,2127,2408.38,pix
1197,4002,2886.81,pix
1198,827,196.37,cartao_credito
1199,2302,1794.29,boleto
1200,3963,689.77,cartao_credito
1201,1819,1095.56,cartao_credito
1202,3077,449.66,cartao_credito
1203,867,1252.48,boleto
1204,4712,2111.56,boleto
1205,302,554.38,pix
1206,4237,1472.9,boleto
1207,2179,2737.18,cartao_credito
1208,428,1125.33,boleto
1209,2464,1125.54,cartao_credito
1210,1306,1324.9,pix
1211,3238,1299.74,boleto
1212,4288,1906.39,pix
1213,2104,1631.2,boleto
1214,392,1387.82,boleto
1215,1387,2317.68,boleto
1216,2656,2606.24,boleto
1217,1959,958.04,boleto
1218,3844,2770.07,boleto
1219,1819,2242.81,pix
1220,1449,719.89,pix
1221,930,1882.12,pix
1222,1963,1769.21,boleto
1223,2555,1680.25,pix
1224,1077,2090.97,cartao_credito
1225,2866,1650.08,cartao_credito
1226,3875,1135.67,pix
1227,353,2936.77,pix
1228,3832,2438.61,cartao_credito
1229,3556,99.11,cartao_credito
1230,824,802.02,boleto
1231,1402,395.74,cartao_credito
1232,3029,1684.92,cartao_credito
1233,4103,228.55,cartao_credito
1234,4411,2462.1,cartao_credito
1235,4248,1364.44,boleto
1236,4416,2060.69,cartao_credito
1237,3763,2664.49,cartao_credito
1238,1935,1610.02,boleto
1239,1898,1433.62,pix
1240,2918,661.11,boleto
1241,4263,1338.46,pix
1242,4528,804.66,boleto
1243,1322,276.29,cartao_credito
1244,1917,2692.97,boleto
1245,3961,1917.09,pix
1246,1240,336.23,cartao_credito
1247,1043,2405.48,pix
1248,538,1736.96,pix
1249,2725,2330.24,boleto
1250,1295,1403.64,pix
1251,390,1064.93,boleto
1252,4989,2820.74,pix
1253,4807,526.65,boleto
1254,4987,943.05,pix
1255,2359,207.55,boleto
1256,2391,1215.65,pix
1257,3314,1545.29,pix
1258,2410,873.12,pix
1259,4561,2929.24,cartao_credito
1260,221,1856.01,pix
1261,2855,2630.23,pix
1262,3919,110.22,pix
1263,1018,810.82,boleto
1264,2970,738.58,boleto
1265,1551,1476.15,pix
1266,4937,1483.13,boleto
1267,2867,1707.62,cartao_credito
1268,2199,2646.0,pix
1269,1847,1462.95,boleto
1270,3955,249.55,boleto
1271,2629,2184.07,cartao_credito
1272,2980,2257.88,cartao_credito
1273,1702,1967.03,pix
1274,1481,2645.86,pix
1275,3957,2120.42,boleto
1276,4939,1965.95,cartao_credito
1277,646,2717.95,pix
1278,640,2966.54,cartao_credito
1279,3236,1619.36,boleto
1280,3335,1855.67,cartao_credito
1281,2528,1355.58,pix
1282,3599,2279.6,cartao_credito
1283,1931,976.33,pix
1284,159,2367.42,boleto
1285,635,1695.86,boleto
1286,2910,1255.42,boleto
1287,4784,1694.28,cartao_credito
1288,62,2258.7,cartao_credito
1289,3012,1915.03,pix
1290,4037,1897.2,boleto
1291,1807,2289.44,cartao_credito
1292,4356,1527.03,pix
1293,1172,2513.21,cartao_credito
1294,583,166.94,pix
1295,1908,1068.84,boleto
1296,4961,1801.16,boleto
1297,3696,219.59,pix
1298,2806,2551.73,cartao_credito
1299,2319,24.17,pix
1300,1121,1094.42,cartao_credito
1301,3931,2637.16,cartao_credito
1302,4644,2620.72,pix
1303,1586,952.6,boleto
1304,3600,1627.74,pix
1305,1770,175.89,pix
1306,538,2464.58,cartao_credito
1307,3333,2901.12,pix
1308,1458,1360.12,pix
1309,2677,1045.58,pix
1310,1880,2995.69,pix
1311,4513,711.23,boleto
1312,4652,834.24,boleto
1313,1327,1940.01,pix
1314,535,738.9,pix
1315,3139,706.13,boleto
1316,1761,101.04,pix
1317,131,552.36,cartao_credito
1318,3332,1293.98,cartao_credito
1319,571,907.91,cartao_credito
1320,1543,2305.12,pix
1321,3741,979.56,cartao_credito
1322,2346,2218.73,cartao_credito
1323,2145,581.96,boleto
1324,786,2177.13,pix
1325,3741,2619.13,cartao_credito
1326,6,1145.66,pix
1327,1927,1019.22,cartao_credito
1328,4097,1248.21,pix
1329,1247,313.04,pix
1330,250,779.81,cartao_credito
1331,186,1502.5,pix
1332,1413,2493.56,cartao_credito
1333,578,1990.99,boleto
1334,2562,573.79,boleto
1335,4930,1175.47,boleto
1336,2704,1479.09,pix
1337,3529,1082.27,cartao_credito
1338,4179,1246.65,cartao_credito
1339,179,44.19,pix
1340,1701,1042.56,boleto
1341,371,1613.04,boleto
1342,3303,497.88,pix
1343,4112,2011.51,pix
1344,4232,2178.71,pix
1345,111,1926.59,pix
1346,660,158.45,pix
1347,1777,758.25,pix
1348,1640,57.68,cartao_credito
1349,1669,762.76,cartao_credito
1350,2691,1087.53,pix
1351,2640,563.88,boleto
1352,3293,2928.22,cartao_credito
1353,335,898.08,cartao_credito
1354,302,635.17,boleto
1355,1804,684.77,boleto
1356,1876,2737.73,pix
1357,2085,71.89,pix
1358,1023,381.99,boleto
1359,2575,1383.39,pix
1360,2128,1004.62,pix
1361,2479,1622.68,cartao_credito
1362,1280,2391.9,pix
1363,1565,1714.64,pix
1364,1368,2161.93,cartao_credito
1365,1805,1030.38,boleto
1366,1497,2228.14,cartao_credito
1367,3006,498.4,boleto
1368,2068,829.87,pix
1369,2374,2966.99,cartao_credito
1370,1358,724.76,pix
1371,4327,2416.42,cartao_credito
1372,2518,2119.84,pix
1373,1418,2215.9,pix
1374,4389,1358.59,boleto
1375,2880,1413.96,cartao_credito
1376,4728,2422.25,cartao_credito
1377,3545,865.03,boleto
1378,2828,2332.56,boleto
1379,4526,1029.68,boleto
1380,2435,395.97,pix
1381,1354,2433.26,pix
1382,4652,2331.79,cartao_credito
1383,1026,2954.89,boleto
1384,2191,2645.82,pix
1385,266,386.67,cartao_credito
1386,3946,1319.38,cartao_credito
1387,1958,950.81,cartao_credito
1388,4775,2031.8,boleto
1389,2499,1084.79,boleto
1390,2379,2043.75,boleto
1391,2492,42.5,cartao_credito
1392,3662,1808.13,boleto
1393,4434,759.43,boleto
1394,2817,1410.69,pix
1395,1373,1164.99,cartao_credito
1396,691,157.45,cartao_credito
1397,2035,1864.51,boleto
1398,4472,468.94,pix
1399,1815,2372.82,boleto
1400,2789,1739.07,cartao_credito
1401,1239,2819.42,pix
1402,133,1285.37,cartao_credito
1403,718,2247.6,boleto
1404,1162,32.35,cartao_credito
1405,3242,804.19,cartao_credito
1406,1533,1183.44,pix
1407,1436,1319.82,pix
1408,3280,1461.21,pix
1409,4369,509.41,cartao_credito
1410,220,1998.6,boleto
1411,2071,939.96,boleto
1412,1624,2565.1,pix
1413,1191,1398.48,boleto
1414,2347,2750.26,pix
1415,2863,1836.48,boleto
1416,2295,566.4,boleto
1417,831,1812.79,cartao_credito
1418,448,2483.24,boleto
1419,3606,2726.77,cartao_credito
1420,3825,1206.83,cartao_credito
1421,1366,753.64,pix
1422,1112,2923.95,pix
1423,2966,1587.04,pix
1424,344,2665.31,boleto
1425,4937,676.94,cartao_credito
1426,760,2570.72,boleto
1427,2976,750.7,cartao_credito
1428,2884,1584.82,pix
1429,4814,38.42,pix
1430,1098,2079.97,cartao_credito
1431,1395,900.13,boleto
1432,1224,221.01,pix
1433,3127,1929.49,pix
1434,4716,782.16,cartao_credito
1435,4962,1548.96,cartao_credito
1436,1587,1068.17,boleto
1437,286,2235.34,pix
1438,1610,62.18,cartao_credito
1439,3679,721.23,boleto
1440,3547,2736.8,boleto
1441,1714,1790.8,boleto
1442,4228,1399.19,pix
1443,4913,2326.5,pix
1444,2897,2497.15,cartao_credito
1445,672,685.72,cartao_credito
1446,2513,1597.93,pix
1447,4653,1308.76,pix
1448,4754,2922.45,cartao_credito
1449,3342,720.04,cartao_credito
1450,4921,1977.04,boleto
1451,415,2897.08,pix
1452,3654,726.27,cartao_credito
1453,1380,1088.6,boleto
1454,1275,1684.96,pix
1455,2378,2511.59,cartao_credito
1456,609,917.95,cartao_credito
1457,742,181.52,cartao_credito
1458,2174,1545.44,cartao_credito
1459,1098,2731.94,boleto
1460,245,1016.18,boleto
1461,950,1088.89,cartao_credito
1462,1424,1932.71,pix
1463,4998,313.97,cartao_credito
1464,675,1851.31,pix
1465,1262,36.08,cartao_credito
1466,620,106.97,pix
1467,518,568.27,cartao_credito
1468,3784,1161.71,boleto
1469,4745,2194.36,cartao_credito
1470,3028,304.26,cartao_credito
1471,3539,1426.97,pix
1472,4269,2300.79,boleto
1473,4690,548.1,cartao_credito
1474,2359,2512.42,cartao_credito
1475,4705,2442.8,boleto
1476,2551,2604.67,boleto
1477,4126,950.22,pix
1478,4575,487.99,pix
1479,23,2764.21,boleto
1480,46,2773.25,boleto
1481,3696,473.28,cartao_credito
1482,118,1647.37,cartao_credito
1483,907,1559.23,boleto
1484,946,2734.02,pix
1485,83,779.1,boleto
1486,1203,808.16,pix
1487,975,1070.57,boleto
1488,2253,55.86,boleto
1489,3699,1137.42,cartao_credito
1490,4539,1366.05,pix
1491,3129,1057.43,pix
1492,1547,1789.15,cartao_credito
1493,4159,1052.58,cartao_credito
1494,3037,2666.7,pix
1495,3035,478.13,cartao_credito
1496,3048,2363.79,cartao_credito
1497,2072,436.34,cartao_credito
1498,4455,2258.46,cartao_credito
1499,2323,1624.32,boleto
1500,4938,1222.9,boleto
1501,287,726.13,cartao_credito
1502,2619,892.86,pix
1503,2385,669.3,cartao_credito
1504,2057,2005.28,pix
1505,3230,2209.12,cartao_credito
1506,2943,1564.56,cartao_credito
1507,3625,934.96,cartao_credito
1508,4918,613.01,cartao_credito
1509,4705,289.7,boleto
1510,1508,1898.89,pix
1511,4306,837.06,boleto
1512,2883,1301.72,cartao_credito
1513,2747,475.04,boleto
1514,4168,2546.98,pix
1515,4955,127.88,cartao_credito
1516,2201,2496.21,pix
1517,2499,2295.36,pix
1518,2123,766.19,cartao_credito
1519,140,605.83,pix
1520,302,2035.25,pix
1521,1570,2625.14,pix
1522,3745,2714.7,cartao_credito
1523,846,766.62,cartao_credito
1524,4138,870.48,boleto
1525,3114,1037.08,pix
1526,4491,2755.82,pix
1527,755,2649.64,cartao_credito
1528,3510,1753.03,boleto
1529,1543,1039.01,pix
1530,2985,2560.18,pix
1531,1623,2849.37,boleto
1532,3325,1459.12,boleto
1533,4870,1591.01,pix
1534,3458,2990.6,cartao_credito
1535,4557,636.29,boleto
1536,569,1268.36,boleto
1537,3678,2452.71,pix
1538,1302,1168.44,boleto
1539,1117,2580.94,cartao_credito
1540,3987,1382.99,boleto
1541,3308,45.61,pix
1542,1381,410.53,boleto
1543,2231,2944.63,boleto
1544,4728,2133.08,pix
1545,1720,1475.39,cartao_credito
1546,2344,856.36,cartao_credito
1547,2892,1498.06,cartao_credito
1548,1865,998.63,cartao_credito
1549,4968,1880.83,cartao_credito
1550,2113,1823.52,cartao_credito
1551,1447,328.46,pix
1552,3997,1292.41,boleto
1553,1039,2030.17,boleto
1554,3105,2552.14,boleto
1555,1075,1527.73,cartao_credito
1556,317,2549.58,pix
1557,2183,868.62,boleto
1558,4492,2649.98,boleto
1559,3390,1549.14,cartao_credito
1560,632,2280.33,pix
1561,3503,232.37,boleto
1562,4914,1647.97,pix
1563,3474,1747.81,pix
1564,4730,434.53,boleto
1565,3344,710.53,cartao_credito
1566,2540,1524.42,cartao_credito
1567,3641,412.96,boleto
1568,2808,2422.59,boleto
1569,3875,163.4,pix
1570,1021,2059.55,cartao_credito
1571,3792,2405.43,pix
1572,1794,1389.92,boleto
1573,3626,2313.24,boleto
1574,1111,214.9,pix
1575,2874,2869.53,pix
1576,989,2870.11,boleto
1577,2244,1795.34,boleto
1578,2797,1974.45,cartao_credito
1579,430,80.47,boleto
1580,874,1503.23,cartao_credito
1581,3224,473.54,boleto
1582,4228,1729.42,cartao_credito
1583,1788,2698.16,cartao_credito
1584,3649,2047.72,boleto
1585,4231,2383.66,pix
1586,633,2099.23,boleto
1587,3966,1156.78,pix
1588,4235,2108.18,pix
1589,811,1066.87,cartao_credito
1590,4993,1977.13,pix
1591,1174,1023.51,boleto
1592,634,991.56,pix
1593,2351,2858.99,cartao_credito
1594,3641,1733.89,pix
1595,857,2605.08,cartao_credito
1596,1281,1604.82,boleto
1597,151,859.95,boleto
1598,138,464.85,cartao_credito
1599,1810,1150.96,pix
1600,2957,1995.55,pix
1601,1111,1342.57,boleto
1602,1010,167.05,pix
1603,2267,1218.74,cartao_credito
1604,4208,2123.17,boleto
1605,1178,1738.38,cartao_credito
1606,3213,2860.0,pix
1607,2232,2194.21,pix
1608,665,2158.37,pix
1609,3838,2735.62,boleto
1610,3854,357.15,pix
1611,1479,124.58,cartao_credito
1612,1317,2561.51,pix
1613,4494,416.09,boleto
1614,426,2685.92,pix
1615,942,733.58,cartao_credito
1616,1745,2791.68,cartao_credito
1617,64,2591.44,boleto
1618,999,161.83,pix
1619,466,2865.96,pix
1620,3343,2229.86,boleto
1621,1664,2346.86,pix
1622,3935,2745.53,cartao_credito
1623,2590,537.56,cartao_credito
1624,4325,1468.98,pix
1625,2011,1673.98,boleto
1626,1427,251.39,cartao_credito
1627,2972,843.84,pix
1628,1244,1272.15,pix
1629,1517,834.18,cartao_credito
1630,326,2345.75,pix
1631,4303,1085.25,boleto
1632,4211,2437.43,boleto
1633,2733,684.59,pix
1634,920,370.77,boleto
1635,1986,2865.27,pix
1636,4814,2322.62,pix
1637,2356,2626.4,cartao_credito
1638,2775,1126.48,boleto
1639,2059,2288.17,cartao_credito
1640,2498,999.37,boleto
1641,4404,1795.86,cartao_credito
1642,1796,2459.41,pix
1643,3792,2268.69,pix
1644,2406,891.54,cartao_credito
1645,3811,146.14,pix
1646,1695,1929.72,boleto
1647,95,1076.97,cartao_credito
1648,2681,829.51,boleto
1649,2191,1834.73,boleto
1650,1382,355.54,cartao_credito
1651,3053,2864.24,cartao_credito
1652,4191,1946.94,cartao_credito
1653,2510,2880.43,boleto
1654,1455,958.88,cartao_credito
1655,3289,779.28,cartao_credito
1656,354,2063.0,boleto
1657,3085,1043.08,boleto
1658,3589,749.76,cartao_credito
1659,2290,2101.91,cartao_credito
1660,77,958.76,pix
1661,3480,2831.48,pix
1662,3130,1044.12,pix
1663,3499,2988.42,pix
1664,4052,2760.43,pix
1665,183,2394.96,pix
1666,1488,1156.65,pix
1667,66,1436.25,cartao_credito
1668,3689,708.44,pix
1669,3737,1305.44,boleto
1670,2605,2712.63,pix
1671,1880,2338.26,cartao_credito
1672,2335,1985.53,boleto
1673,3423,627.48,boleto
1674,3003,284.37,pix
1675,330,1295.61,boleto
1676,3959,1211.06,boleto
1677,2179,2421.16,boleto
1678,2585,528.68,boleto
1679,2508,2307.01,cartao_credito
1680,1458,2546.43,pix
1681,2541,2635.63,pix
1682,2020,1798.01,pix
1683,4445,1170.18,boleto
1684,3489,2194.98,pix
1685,612,572.16,pix
1686,595,55.92,pix
1687,2283,2939.1,boleto
1688,447,1712.34,boleto
1689,2200,2781.73,boleto
1690,3299,1276.96,boleto
1691,1608,851.16,boleto
1692,4854,502.83,cartao_credito
1693,1006,2223.53,pix
1694,4609,1854.48,pix
1695,2867,2877.54,boleto
1696,4707,2817.23,boleto
1697,2899,1640.15,cartao_credito
1698,4470,2648.75,cartao_credito
1699,3383,2261.7,pix
1700,1704,1167.21,cartao_credito
1701,1194,1091.48,boleto
1702,2571,2807.6,pix
1703,4436,853.96,cartao_credito
1704,1331,447.25,cartao_credito
1705,1918,2205.08,cartao_credito
1706,1929,2703.8,pix
1707,3781,1039.9,pix
1708,3679,2221.19,pix
1709,1810,1169.85,boleto
1710,2132,1323.61,pix
1711,2138,2253.08,pix
1712,37,2660.06,pix
1713,1369,2315.44,boleto
1714,2324,358.91,boleto
1715,2849,2973.94,pix
1716,2517,375.07,cartao_credito
1717,21,2000.55,boleto
1718,976,998.43,boleto
1719,4366,911.34,pix
1720,3712,2962.68,boleto
1721,3350,353.34,pix
1722,943,871.51,boleto
1723,2510,1320.56,boleto
1724,2557,2248.92,pix
1725,4077,2116.05,cartao_credito
1726,3201,1689.52,boleto
1727,2619,2738.77,pix
1728,2575,2294.78,cartao_credito
1729,382,1890.32,pix
1730,4818,1022.54,pix
1731,52,2140.36,boleto
1732,2136,2639.33,boleto
1733,664,1196.86,pix
1734,1424,2196.52,cartao_credito
1735,3552,2288.52,cartao_credito
1736,1946,625.32,pix
1737,255,340.2,boleto
1738,4897,1462.77,pix
1739,4060,2722.94,cartao_credito
1740,608,589.45,pix
1741,3899,46.46,pix
1742,3491,900.51,boleto
1743,3278,2174.38,pix
1744,4391,601.56,boleto
1745,4879,363.49,boleto
1746,2286,873.9,cartao_credito
1747,243,2998.02,pix
1748,2510,2898.36,pix
1749,2487,1290.51,cartao_credito
1750,3238,2899.5,boleto
1751,4090,2940.39,boleto
1752,3277,1933.52,cartao_credito
1753,1118,2995.32,cartao_credito
1754,3578,992.07,cartao_credito
1755,674,2201.85,cartao_credito
1756,201,2573.41,cartao_credito
1757,2632,1705.11,pix
1758,4581,1971.91,pix
1759,4790,2821.03,boleto
1760,1008,1845.23,boleto
1761,4064,978.44,boleto
1762,1539,451.73,cartao_credito
1763,4995,784.99,pix
1764,2296,72.91,cartao_credito
1765,3412,2124.41,pix
1766,3939,183.82,boleto
1767,645,91.58,cartao_credito
1768,2580,270.99,boleto
1769,969,334.79,cartao_credito
1770,2335,2772.1,cartao_credito
1771,1322,1422.81,cartao_credito
1772,4235,1114.18,pix
1773,1580,1278.16,boleto
1774,627,2424.95,boleto
1775,4881,2195.36,boleto
1776,3304,775.23,boleto
1777,3679,2649.15,boleto
1778,4603,317.27,cartao_credito
1779,327,2167.25,boleto
1780,2933,1885.88,pix
1781,3013,741.27,boleto
1782,2896,1460.7,pix
1783,1193,442.25,cartao_credito
1784,2431,2606.45,cartao_credito
1785,1681,1195.63,boleto
1786,2841,2828.82,boleto
1787,643,776.7,pix
1788,4297,598.84,cartao_credito
1789,4387,1658.05,boleto
1790,3253,2043.33,cartao_credito
1791,3453,1777.91,boleto
1792,4130,1055.26,pix
1793,539,2125.75,boleto
1794,879,2045.44,cartao_credito
1795,4247,430.27,cartao_credito
1796,3296,2479.81,boleto
1797,1954,988.83,pix
1798,2636,393.66,cartao_credito
1799,764,2832.11,boleto
1800,4009,1552.1,pix
1801,1063,1850.99,boleto
1802,1457,1501.84,boleto
1803,3428,2333.75,boleto
1804,3237,356.64,cartao_credito
1805,3883,2592.63,pix
1806,2343,1409.79,pix
1807,540,1211.82,boleto
1808,2078,1355.27,cartao_credito
1809,4802,2590.49,cartao_credito
1810,568,603.71,cartao_credito
1811,3421,2075.31,pix
1812,3294,2026.54,boleto
1813,888,1185.75,pix
1814,135,2197.0,boleto
1815,300,2043.98,cartao_credito
1816,4935,2622.87,cartao_credito
1817,3225,1405.09,cartao_credito
1818,116,1333.22,boleto
1819,862,2798.8,pix
1820,1502,246.79,boleto
1821,4811,2912.31,pix
1822,818,1716.67,boleto
1823,4998,868.56,cartao_credito
1824,3617,1683.98,pix
1825,2981,2796.03,cartao_credito
1826,2221,1090.47,cartao_credito
1827,250,1244.31,pix
1828,2868,2250.46,boleto
1829,4494,90.44,boleto
1830,857,915.7,boleto
1831,2488,2981.32,pix
1832,1938,2563.0,boleto
1833,1195,1876.69,cartao_credito
1834,957,558.14,cartao_credito
1835,2891,2536.38,cartao_credito
1836,2784,931.11,pix
1837,1706,1049.05,pix
1838,4413,1226.79,boleto
1839,3725,221.4,pix
1840,1136,239.94,cartao_credito
1841,2031,1567.8,boleto
1842,4611,2500.38,pix
1843,2110,2168.44,pix
1844,2874,69.39,pix
1845,836,67.42,boleto
1846,4088,968.05,cartao_credito
1847,1540,2448.72,pix
1848,2996,1282.2,boleto
1849,3970,1014.14,cartao_credito
1850,3960,954.6,pix
1851,2465,2263.7,cartao_credito
1852,3744,978.95,cartao_credito
1853,2173,1663.14,pix
1854,808,2077.95,boleto
1855,3094,1861.97,cartao_credito
1856,4260,2244.0,pix
1857,1788,1081.39,pix
1858,1990,612.92,boleto
1859,1628,877.4,boleto
1860,4230,1550.96,cartao_credito
1861,2745,1236.11,boleto
1862,121,1931.61,pix
1863,3876,2532.54,cartao_credito
1864,4768,356.28,cartao_credito
1865,2758,2712.99,pix
1866,3886,60.6,boleto
1867,1413,2463.22,cartao_credito
1868,4543,2086.96,pix
1869,429,2805.3,cartao_credito
1870,2416,2441.2,boleto
1871,4654,316.8,cartao_credito
1872,66,1572.79,cartao_credito
1873,3295,370.12,pix
1874,750,908.62,cartao_credito
1875,926,2461.42,cartao_credito
1876,3234,647.58,cartao_credito
1877,1336,1221.6,pix
1878,3204,2501.03,cartao_credito
1879,2066,2006.37,boleto
1880,3304,760.68,cartao_credito
1881,1448,2147.84,cartao_credito
1882,3112,694.1,boleto
1883,1746,2993.43,pix
1884,2241,1467.61,boleto
1885,4841,474.82,cartao_credito
1886,335,1730.4,cartao_credito
1887,344,335.49,boleto
1888,1378,2622.29,cartao_credito
1889,1908,2003.54,cartao_credito
1890,710,715.17,pix
1891,4818,2841.26,cartao_credito
1892,1087,2839.47,boleto
1893,3175,2729.66,pix
1894,4556,1167.77,boleto
1895,1943,648.23,boleto
1896,4416,2696.13,cartao_credito
1897,3203,235.48,boleto
1898,146,1632.83,pix
1899,3274,2779.75,cartao_credito
1900,2057,114.26,boleto
1901,3949,931.97,cartao_credito
1902,4208,225.48,cartao_credito
1903,2422,2881.47,cartao_credito
1904,659,2048.49,boleto
1905,2396,2642.8,cartao_credito
1906,2495,2284.79,pix
1907,3687,86.87,boleto
1908,3619,773.65,boleto
1909,4802,1695.57,pix
1910,4758,636.05,pix
1911,4141,2639.16,pix
1912,3149,2098.34,cartao_credito
1913,4473,129.37,boleto
1914,4096,487.47,cartao_credito
1915,1116,1085.67,cartao_credito
1916,1565,2965.42,cartao_credito
1917,1326,2157.95,cartao_credito
1918,2811,2221.31,pix
1919,3768,1553.87,boleto
1920,1286,1423.04,pix
1921,4603,529.93,boleto
1922,3607,1144.27,cartao_credito
1923,1941,2634.56,boleto
1924,3309,845.64,cartao_credito
1925,3850,2996.92,boleto
1926,3612,1643.8,boleto
1927,4682,1476.06,boleto
1928,3117,566.22,boleto
1929,4738,1959.49,boleto
1930,4447,717.82,cartao_credito
1931,3469,140.49,pix
1932,4050,1148.27,pix
1933,4253,2211.98,boleto
1934,1303,2957.7,cartao_credito
1935,517,1496.04,cartao_credito
1936,416,1689.07,boleto
1937,21,988.47,pix
1938,4285,165.89,boleto
1939,4871,2470.17,boleto
1940,2651,80.5,cartao_credito
1941,2706,720.5,pix
1942,2993,1190.63,pix
1943,1620,1347.38,boleto
1944,2946,1333.04,cartao_credito
1945,2901,1441.26,pix
1946,2715,2817.1,pix
1947,4776,1951.11,pix
1948,2926,1582.0,boleto
1949,3768,2041.97,pix
1950,1891,2926.83,boleto
1951,3473,2640.4,boleto
1952,4092,2084.52,boleto
1953,2851,1342.36,boleto
1954,1295,1054.52,pix
1955,2778,1062.12,cartao_credito
1956,3940,1413.94,pix
1957,1834,53.17,pix
1958,4546,1442.83,cartao_credito
1959,587,2393.28,boleto
1960,1587,1969.5,cartao_credito
1961,1588,943.41,boleto
1962,2957,2038.25,cartao_credito
1963,3192,2377.09,pix
1964,2797,438.05,pix
1965,2532,2654.76,cartao_credito
1966,1221,707.86,cartao_credito
1967,1982,162.6,boleto
1968,1858,1884.0,cartao_credito
1969,13,1721.95,pix
1970,4609,350.66,pix
1971,577,1577.38,boleto
1972,4431,600.93,pix
1973,3093,2314.36,boleto
1974,3429,398.8,pix
1975,3207,642.76,pix
1976,3700,1728.69,boleto
1977,519,456.63,pix
1978,3107,2522.98,cartao_credito
1979,1793,2198.29,pix
1980,2951,1464.43,cartao_credito
1981,3475,1038.42,pix
1982,303,1278.17,boleto
1983,1596,302.73,pix
1984,4851,1199.53,boleto
1985,1128,2213.02,cartao_credito
1986,1170,2541.44,cartao_credito
1987,4662,377.5,cartao_credito
1988,1923,264.36,pix
1989,1738,2251.12,boleto
1990,2624,2330.09,cartao_credito
1991,2424,543.07,boleto
1992,1335,1214.03,pix
1993,4416,2629.84,cartao_credito
1994,1139,609.42,cartao_credito
1995,4862,1783.45,pix
1996,2799,2692.41,boleto
1997,1195,1923.3,pix
1998,1049,1070.96,pix
1999,2501,1940.22,pix
2000,4505,2338.32,cartao_credito
